"uri","url","timestamp","post_type","thread_role","decision","reason","confidence","joe_tag","citizens_agenda","normalized_text_duplicate","existing_record_ids"
"at://did:plc:3t37x6vfigdzzp2gjcfnzlz4/app.bsky.feed.post/3monr43l7e224","https://bsky.app/profile/jayrosen.bsky.social/post/3monr43l7e224","2026-06-19T16:27:16.806Z","original","root","admit","original_adds_argument_evidence_or_serious_question","0.9","false","false","false",""
"at://did:plc:3t37x6vfigdzzp2gjcfnzlz4/app.bsky.feed.post/3mow7q4tzus2v","https://bsky.app/profile/jayrosen.bsky.social/post/3mow7q4tzus2v","2026-06-23T01:10:19.527Z","original","root","admit","original_adds_argument_evidence_or_serious_question","0.9","false","false","false",""
"at://did:plc:3t37x6vfigdzzp2gjcfnzlz4/app.bsky.feed.post/3mowgem45gc2q","https://bsky.app/profile/jayrosen.bsky.social/post/3mowgem45gc2q","2026-06-23T03:09:09.062Z","reply","self_thread_reply","admit","substantive_reply_adds_argument_evidence_or_analysis","0.9","false","false","false",""
"at://did:plc:3t37x6vfigdzzp2gjcfnzlz4/app.bsky.feed.post/3mp2bxzpkhs2d","https://bsky.app/profile/jayrosen.bsky.social/post/3mp2bxzpkhs2d","2026-06-24T16:01:11.098Z","original","root","admit","original_adds_argument_evidence_or_serious_question","0.9","false","false","false",""
"at://did:plc:3t37x6vfigdzzp2gjcfnzlz4/app.bsky.feed.post/3mp2fkisjck26","https://bsky.app/profile/jayrosen.bsky.social/post/3mp2fkisjck26","2026-06-24T17:05:12.137Z","reply","external_thread_reply","context_only","short_comment_requires_parent_context","0.93","false","false","false",""
"at://did:plc:3t37x6vfigdzzp2gjcfnzlz4/app.bsky.feed.post/3mpf4kza3zk2l","https://bsky.app/profile/jayrosen.bsky.social/post/3mpf4kza3zk2l","2026-06-28T23:23:42.806Z","reply","external_thread_reply","context_only","short_acknowledgement_or_context_dependent_reply","0.93","false","false","false",""
"at://did:plc:3t37x6vfigdzzp2gjcfnzlz4/app.bsky.feed.post/3mphsbuyl522r","https://bsky.app/profile/jayrosen.bsky.social/post/3mphsbuyl522r","2026-06-30T00:57:38.166Z","original","root","admit","original_adds_argument_evidence_or_serious_question","0.9","false","false","false",""
"at://did:plc:3t37x6vfigdzzp2gjcfnzlz4/app.bsky.feed.post/3mpi4ecbers2z","https://bsky.app/profile/jayrosen.bsky.social/post/3mpi4ecbers2z","2026-06-30T03:57:56.618Z","reply","self_thread_reply","context_only","short_acknowledgement_or_context_dependent_reply","0.93","false","false","false",""
"at://did:plc:3t37x6vfigdzzp2gjcfnzlz4/app.bsky.feed.post/3mpjaisymdc2m","https://bsky.app/profile/jayrosen.bsky.social/post/3mpjaisymdc2m","2026-06-30T14:44:43.078Z","original","root","admit","original_adds_argument_evidence_or_serious_question","0.9","false","false","false",""
"at://did:plc:3t37x6vfigdzzp2gjcfnzlz4/app.bsky.feed.post/3mplnpdhybc2z","https://bsky.app/profile/jayrosen.bsky.social/post/3mplnpdhybc2z","2026-07-01T13:46:19.807Z","original","root","admit","original_adds_argument_evidence_or_serious_question","0.9","false","false","false",""
"at://did:plc:3t37x6vfigdzzp2gjcfnzlz4/app.bsky.feed.post/3mploqpenns2z","https://bsky.app/profile/jayrosen.bsky.social/post/3mploqpenns2z","2026-07-01T14:04:59.580Z","reply","self_thread_reply","context_only","short_acknowledgement_or_context_dependent_reply","0.93","false","false","false",""
"at://did:plc:3t37x6vfigdzzp2gjcfnzlz4/app.bsky.feed.post/3mplruv4ibk2b","https://bsky.app/profile/jayrosen.bsky.social/post/3mplruv4ibk2b","2026-07-01T15:01:01.043Z","original","root","admit","original_adds_argument_evidence_or_serious_question","0.9","false","false","false",""
"at://did:plc:3t37x6vfigdzzp2gjcfnzlz4/app.bsky.feed.post/3mplrxn5ayk2b","https://bsky.app/profile/jayrosen.bsky.social/post/3mplrxn5ayk2b","2026-07-01T15:02:33.346Z","reply","self_thread_reply","admit","substantive_reply_adds_argument_evidence_or_analysis","0.9","false","false","false",""
"at://did:plc:3t37x6vfigdzzp2gjcfnzlz4/app.bsky.feed.post/3mplstufen22b","https://bsky.app/profile/jayrosen.bsky.social/post/3mplstufen22b","2026-07-01T15:18:20.474Z","reply","self_thread_reply","admit","substantive_reply_adds_argument_evidence_or_analysis","0.9","false","false","false",""
"at://did:plc:3t37x6vfigdzzp2gjcfnzlz4/app.bsky.feed.post/3mplun5eaos2z","https://bsky.app/profile/jayrosen.bsky.social/post/3mplun5eaos2z","2026-07-01T15:50:22.478Z","reply","self_thread_reply","context_only","short_acknowledgement_or_context_dependent_reply","0.93","false","false","true","BSKY-00595;BSKY-00940;BSKY-01248;BSKY-01852;BSKY-01885;BSKY-01919;BSKY-02063;BSKY-02084;BSKY-02620;BSKY-02952;BSKY-03079;BSKY-03151"
"at://did:plc:3t37x6vfigdzzp2gjcfnzlz4/app.bsky.feed.post/3mplv5z5qnc27","https://bsky.app/profile/jayrosen.bsky.social/post/3mplv5z5qnc27","2026-07-01T15:59:48.497Z","reply","self_thread_reply","context_only","clarification_question_only","0.93","false","false","false",""
"at://did:plc:3t37x6vfigdzzp2gjcfnzlz4/app.bsky.feed.post/3mplv77qnak27","https://bsky.app/profile/jayrosen.bsky.social/post/3mplv77qnak27","2026-07-01T16:00:28.963Z","reply","self_thread_reply","context_only","short_acknowledgement_or_context_dependent_reply","0.93","false","false","false",""
"at://did:plc:3t37x6vfigdzzp2gjcfnzlz4/app.bsky.feed.post/3mplym2az222s","https://bsky.app/profile/jayrosen.bsky.social/post/3mplym2az222s","2026-07-01T17:01:20.640Z","reply","self_thread_reply","context_only","short_acknowledgement_or_context_dependent_reply","0.93","false","false","true","BSKY-02190"
"at://did:plc:3t37x6vfigdzzp2gjcfnzlz4/app.bsky.feed.post/3mplzgn2mrc22","https://bsky.app/profile/jayrosen.bsky.social/post/3mplzgn2mrc22","2026-07-01T17:16:12.768Z","reply","self_thread_reply","admit","substantive_reply_adds_argument_evidence_or_analysis","0.9","false","false","false",""
"at://did:plc:3t37x6vfigdzzp2gjcfnzlz4/app.bsky.feed.post/3mpm3y7nqps2x","https://bsky.app/profile/jayrosen.bsky.social/post/3mpm3y7nqps2x","2026-07-01T18:01:50.177Z","reply","self_thread_reply","context_only","short_acknowledgement_or_context_dependent_reply","0.93","false","false","false",""
"at://did:plc:3t37x6vfigdzzp2gjcfnzlz4/app.bsky.feed.post/3mpmmh2al2k2x","https://bsky.app/profile/jayrosen.bsky.social/post/3mpmmh2al2k2x","2026-07-01T22:56:27.689Z","reply","self_thread_reply","admit","substantive_reply_adds_argument_evidence_or_analysis","0.9","false","false","false",""
"at://did:plc:3t37x6vfigdzzp2gjcfnzlz4/app.bsky.feed.post/3mpwt335cps2h","https://bsky.app/profile/jayrosen.bsky.social/post/3mpwt335cps2h","2026-07-06T00:21:39.551Z","original","root","admit","joe_tag_documents_archive_project","0.9","true","false","false",""
"at://did:plc:3t37x6vfigdzzp2gjcfnzlz4/app.bsky.feed.post/3mpwvluipyk24","https://bsky.app/profile/jayrosen.bsky.social/post/3mpwvluipyk24","2026-07-06T01:06:50.498Z","reply","self_thread_reply","context_only","short_acknowledgement_or_context_dependent_reply","0.93","false","false","false",""
"at://did:plc:3t37x6vfigdzzp2gjcfnzlz4/app.bsky.feed.post/3mpww6kznkc24","https://bsky.app/profile/jayrosen.bsky.social/post/3mpww6kznkc24","2026-07-06T01:17:18.101Z","original","root","admit","original_adds_argument_evidence_or_serious_question","0.9","false","false","false",""
"at://did:plc:3t37x6vfigdzzp2gjcfnzlz4/app.bsky.feed.post/3mpwy7exfnk2x","https://bsky.app/profile/jayrosen.bsky.social/post/3mpwy7exfnk2x","2026-07-06T01:53:32.774Z","reply","self_thread_reply","admit","substantive_reply_adds_argument_evidence_or_analysis","0.9","false","false","false",""
"at://did:plc:3t37x6vfigdzzp2gjcfnzlz4/app.bsky.feed.post/3mpx25rhqfs24","https://bsky.app/profile/jayrosen.bsky.social/post/3mpx25rhqfs24","2026-07-06T02:28:26.266Z","original","root","admit","original_adds_argument_evidence_or_serious_question","0.9","false","false","false",""
"at://did:plc:3t37x6vfigdzzp2gjcfnzlz4/app.bsky.feed.post/3mpyaoeyp7k2x","https://bsky.app/profile/jayrosen.bsky.social/post/3mpyaoeyp7k2x","2026-07-06T13:57:45.806Z","reply","self_thread_reply","context_only","short_acknowledgement_or_context_dependent_reply","0.93","false","false","false",""
"at://did:plc:3t37x6vfigdzzp2gjcfnzlz4/app.bsky.feed.post/3mpycjsebe224","https://bsky.app/profile/jayrosen.bsky.social/post/3mpycjsebe224","2026-07-06T14:30:59.526Z","original","root","admit","original_adds_argument_evidence_or_serious_question","0.9","false","false","false",""
"at://did:plc:3t37x6vfigdzzp2gjcfnzlz4/app.bsky.feed.post/3mpye45mnxs2y","https://bsky.app/profile/jayrosen.bsky.social/post/3mpye45mnxs2y","2026-07-06T14:59:09.056Z","reply","self_thread_reply","admit","joe_tag_documents_archive_project","0.9","true","false","false",""
"at://did:plc:3t37x6vfigdzzp2gjcfnzlz4/app.bsky.feed.post/3mpyewzd3xc24","https://bsky.app/profile/jayrosen.bsky.social/post/3mpyewzd3xc24","2026-07-06T15:14:10.521Z","original","root","admit","original_adds_argument_evidence_or_serious_question","0.9","false","false","false",""
"at://did:plc:3t37x6vfigdzzp2gjcfnzlz4/app.bsky.feed.post/3mq2rdpml7225","https://bsky.app/profile/jayrosen.bsky.social/post/3mq2rdpml7225","2026-07-07T14:01:20.932Z","reply","self_thread_reply","context_only","short_acknowledgement_or_context_dependent_reply","0.93","false","false","true","BSKY-00001;BSKY-00006;BSKY-00054;BSKY-00055;BSKY-00058;BSKY-00110;BSKY-00111;BSKY-00115;BSKY-00142;BSKY-00155;BSKY-00156;BSKY-00157;BSKY-00188;BSKY-00295;BSKY-00373;BSKY-00374;BSKY-00536;BSKY-00614;BSKY-00615;BSKY-00628;BSKY-00673;BSKY-00677;BSKY-00690;BSKY-00705;BSKY-00706;BSKY-00709;BSKY-00735;BSKY-00736;BSKY-00762;BSKY-00766;BSKY-00780;BSKY-00883;BSKY-00988;BSKY-01007;BSKY-01008;BSKY-01040;BSKY-01046;BSKY-01075;BSKY-01127;BSKY-01230;BSKY-01265;BSKY-01296;BSKY-01299;BSKY-01349;BSKY-01355;BSKY-01373;BSKY-01379;BSKY-01391;BSKY-01396;BSKY-01397;BSKY-01409;BSKY-01482;BSKY-01483;BSKY-01485;BSKY-01486;BSKY-01515;BSKY-01530;BSKY-01532;BSKY-01617;BSKY-01702;BSKY-01739;BSKY-01786;BSKY-01813;BSKY-01844;BSKY-01899;BSKY-01953;BSKY-01969;BSKY-01977;BSKY-01995;BSKY-01997;BSKY-02027;BSKY-02070;BSKY-02071;BSKY-02082;BSKY-02102;BSKY-02103;BSKY-02109;BSKY-02375;BSKY-02389;BSKY-02470;BSKY-02545;BSKY-02548;BSKY-02580;BSKY-02583;BSKY-02636;BSKY-02657;BSKY-02663;BSKY-02678;BSKY-02679;BSKY-02720;BSKY-03074"
"at://did:plc:3t37x6vfigdzzp2gjcfnzlz4/app.bsky.feed.post/3mq35cboajk25","https://bsky.app/profile/jayrosen.bsky.social/post/3mq35cboajk25","2026-07-07T17:35:17.654Z","original","root","admit","joe_tag_documents_archive_project","0.9","true","false","false",""
"at://did:plc:3t37x6vfigdzzp2gjcfnzlz4/app.bsky.feed.post/3mq3a65gi2c2m","https://bsky.app/profile/jayrosen.bsky.social/post/3mq3a65gi2c2m","2026-07-07T18:26:40.211Z","reply","self_thread_reply","context_only","short_acknowledgement_or_context_dependent_reply","0.93","false","false","true","BSKY-00114"
"at://did:plc:3t37x6vfigdzzp2gjcfnzlz4/app.bsky.feed.post/3mq3c2kd2bk27","https://bsky.app/profile/jayrosen.bsky.social/post/3mq3c2kd2bk27","2026-07-07T19:00:26.999Z","reply","external_thread_reply","context_only","short_acknowledgement_or_context_dependent_reply","0.93","false","false","false",""
"at://did:plc:3t37x6vfigdzzp2gjcfnzlz4/app.bsky.feed.post/3mq3wgdywtc25","https://bsky.app/profile/jayrosen.bsky.social/post/3mq3wgdywtc25","2026-07-08T01:04:57.862Z","original","root","admit","original_adds_argument_evidence_or_serious_question","0.9","false","false","false",""
"at://did:plc:3t37x6vfigdzzp2gjcfnzlz4/app.bsky.feed.post/3mq3x74gq2c25","https://bsky.app/profile/jayrosen.bsky.social/post/3mq3x74gq2c25","2026-07-08T01:18:48.789Z","reply","self_thread_reply","admit","substantive_reply_adds_argument_evidence_or_analysis","0.9","false","false","false",""
"at://did:plc:3t37x6vfigdzzp2gjcfnzlz4/app.bsky.feed.post/3mq3zwujkhs25","https://bsky.app/profile/jayrosen.bsky.social/post/3mq3zwujkhs25","2026-07-08T02:07:53.283Z","original","root","admit","original_adds_argument_evidence_or_serious_question","0.9","false","false","false",""
"at://did:plc:3t37x6vfigdzzp2gjcfnzlz4/app.bsky.feed.post/3mq42qktlcc25","https://bsky.app/profile/jayrosen.bsky.social/post/3mq42qktlcc25","2026-07-08T02:22:15.540Z","reply","self_thread_reply","context_only","short_acknowledgement_or_context_dependent_reply","0.93","false","false","false",""
"at://did:plc:3t37x6vfigdzzp2gjcfnzlz4/app.bsky.feed.post/3mq5eydhikc23","https://bsky.app/profile/jayrosen.bsky.social/post/3mq5eydhikc23","2026-07-08T14:58:13.396Z","reply","self_thread_reply","admit","substantive_reply_adds_argument_evidence_or_analysis","0.9","false","false","false",""
"at://did:plc:3t37x6vfigdzzp2gjcfnzlz4/app.bsky.feed.post/3mq5h64fxjc2x","https://bsky.app/profile/jayrosen.bsky.social/post/3mq5h64fxjc2x","2026-07-08T15:37:14.808Z","original","root","admit","original_adds_argument_evidence_or_serious_question","0.9","false","false","false",""
"at://did:plc:3t37x6vfigdzzp2gjcfnzlz4/app.bsky.feed.post/3mq5yochuoc2r","https://bsky.app/profile/jayrosen.bsky.social/post/3mq5yochuoc2r","2026-07-08T20:50:31.653Z","reply","self_thread_reply","context_only","short_acknowledgement_or_context_dependent_reply","0.93","false","false","false",""
"at://did:plc:3t37x6vfigdzzp2gjcfnzlz4/app.bsky.feed.post/3mq7xes2g722v","https://bsky.app/profile/jayrosen.bsky.social/post/3mq7xes2g722v","2026-07-09T15:32:38.173Z","original","root","context_only","routine_or_context_dependent_activity","0.93","false","false","true","BSKY-00143;BSKY-00438;BSKY-00850;BSKY-01645;BSKY-01771;TWTR-08993;BSKY-03073"
"at://did:plc:3t37x6vfigdzzp2gjcfnzlz4/app.bsky.feed.post/3mq7yvke2ak2k","https://bsky.app/profile/jayrosen.bsky.social/post/3mq7yvke2ak2k","2026-07-09T15:59:54.270Z","reply","self_thread_reply","context_only","short_acknowledgement_or_context_dependent_reply","0.93","false","false","false",""
"at://did:plc:3t37x6vfigdzzp2gjcfnzlz4/app.bsky.feed.post/3mqid5kkkm22k","https://bsky.app/profile/jayrosen.bsky.social/post/3mqid5kkkm22k","2026-07-12T23:24:38.248Z","reply","external_thread_reply","admit","substantive_reply_adds_argument_evidence_or_analysis","0.9","false","false","false",""
"at://did:plc:3t37x6vfigdzzp2gjcfnzlz4/app.bsky.feed.post/3mqidtphfnc2k","https://bsky.app/profile/jayrosen.bsky.social/post/3mqidtphfnc2k","2026-07-12T23:37:01.583Z","original","root","admit","original_adds_argument_evidence_or_serious_question","0.9","false","false","false",""
"at://did:plc:3t37x6vfigdzzp2gjcfnzlz4/app.bsky.feed.post/3mqiia27qpc23","https://bsky.app/profile/jayrosen.bsky.social/post/3mqiia27qpc23","2026-07-13T00:55:30.488Z","reply","external_thread_reply","admit","substantive_reply_adds_argument_evidence_or_analysis","0.9","false","false","false",""
"at://did:plc:3t37x6vfigdzzp2gjcfnzlz4/app.bsky.feed.post/3mqiinr6ujc2g","https://bsky.app/profile/jayrosen.bsky.social/post/3mqiinr6ujc2g","2026-07-13T01:03:10.785Z","reply","external_thread_reply","admit","substantive_reply_adds_argument_evidence_or_analysis","0.9","false","false","false",""
"at://did:plc:3t37x6vfigdzzp2gjcfnzlz4/app.bsky.feed.post/3mqjvewdlss2m","https://bsky.app/profile/jayrosen.bsky.social/post/3mqjvewdlss2m","2026-07-13T14:23:32.574Z","reply","self_thread_reply","context_only","short_acknowledgement_or_context_dependent_reply","0.93","false","false","false",""
"at://did:plc:3t37x6vfigdzzp2gjcfnzlz4/app.bsky.feed.post/3mqjy4lmn6s2h","https://bsky.app/profile/jayrosen.bsky.social/post/3mqjy4lmn6s2h","2026-07-13T15:12:34.122Z","original","root","admit","original_adds_argument_evidence_or_serious_question","0.9","false","false","false",""
"at://did:plc:3t37x6vfigdzzp2gjcfnzlz4/app.bsky.feed.post/3mql7xrtxcs2k","https://bsky.app/profile/jayrosen.bsky.social/post/3mql7xrtxcs2k","2026-07-14T03:05:42.558Z","original","root","admit","original_adds_argument_evidence_or_serious_question","0.9","false","false","false",""
"at://did:plc:3t37x6vfigdzzp2gjcfnzlz4/app.bsky.feed.post/3mqlc6aakdk2k","https://bsky.app/profile/jayrosen.bsky.social/post/3mqlc6aakdk2k","2026-07-14T03:45:06.461Z","reply","self_thread_reply","context_only","short_acknowledgement_or_context_dependent_reply","0.93","false","false","false",""
"at://did:plc:3t37x6vfigdzzp2gjcfnzlz4/app.bsky.feed.post/3mqnrmzimls2t","https://bsky.app/profile/jayrosen.bsky.social/post/3mqnrmzimls2t","2026-07-15T03:27:08.303Z","original","root","admit","original_adds_argument_evidence_or_serious_question","0.9","false","false","false",""
"at://did:plc:3t37x6vfigdzzp2gjcfnzlz4/app.bsky.feed.post/3mqntmnnh5k2h","https://bsky.app/profile/jayrosen.bsky.social/post/3mqntmnnh5k2h","2026-07-15T04:02:43.365Z","quote","root","admit","quote_adds_substantive_commentary","0.9","false","false","false",""
"at://did:plc:3t37x6vfigdzzp2gjcfnzlz4/app.bsky.feed.post/3mqnttqb3v22h","https://bsky.app/profile/jayrosen.bsky.social/post/3mqnttqb3v22h","2026-07-15T04:06:40.988Z","reply","self_thread_reply","admit","substantive_reply_adds_argument_evidence_or_analysis","0.9","false","false","false",""
"at://did:plc:3t37x6vfigdzzp2gjcfnzlz4/app.bsky.feed.post/3mqnub56dvc2h","https://bsky.app/profile/jayrosen.bsky.social/post/3mqnub56dvc2h","2026-07-15T04:14:10.737Z","reply","self_thread_reply","admit","substantive_reply_adds_argument_evidence_or_analysis","0.9","false","false","false",""
"at://did:plc:3t37x6vfigdzzp2gjcfnzlz4/app.bsky.feed.post/3mqosrvaonc2p","https://bsky.app/profile/jayrosen.bsky.social/post/3mqosrvaonc2p","2026-07-15T13:20:25.104Z","reply","self_thread_reply","context_only","short_acknowledgement_or_context_dependent_reply","0.93","false","false","false",""
"at://did:plc:3t37x6vfigdzzp2gjcfnzlz4/app.bsky.feed.post/3mqrgeijyf22v","https://bsky.app/profile/jayrosen.bsky.social/post/3mqrgeijyf22v","2026-07-16T14:16:09.878Z","original","root","admit","original_adds_argument_evidence_or_serious_question","0.9","false","false","false",""
"at://did:plc:3t37x6vfigdzzp2gjcfnzlz4/app.bsky.feed.post/3mqrikvorxs2o","https://bsky.app/profile/jayrosen.bsky.social/post/3mqrikvorxs2o","2026-07-16T14:55:32.483Z","reply","self_thread_reply","context_only","short_acknowledgement_or_context_dependent_reply","0.93","false","false","true","BSKY-00001;BSKY-00006;BSKY-00054;BSKY-00055;BSKY-00058;BSKY-00110;BSKY-00111;BSKY-00115;BSKY-00142;BSKY-00155;BSKY-00156;BSKY-00157;BSKY-00188;BSKY-00295;BSKY-00373;BSKY-00374;BSKY-00536;BSKY-00614;BSKY-00615;BSKY-00628;BSKY-00673;BSKY-00677;BSKY-00690;BSKY-00705;BSKY-00706;BSKY-00709;BSKY-00735;BSKY-00736;BSKY-00762;BSKY-00766;BSKY-00780;BSKY-00883;BSKY-00988;BSKY-01007;BSKY-01008;BSKY-01040;BSKY-01046;BSKY-01075;BSKY-01127;BSKY-01230;BSKY-01265;BSKY-01296;BSKY-01299;BSKY-01349;BSKY-01355;BSKY-01373;BSKY-01379;BSKY-01391;BSKY-01396;BSKY-01397;BSKY-01409;BSKY-01482;BSKY-01483;BSKY-01485;BSKY-01486;BSKY-01515;BSKY-01530;BSKY-01532;BSKY-01617;BSKY-01702;BSKY-01739;BSKY-01786;BSKY-01813;BSKY-01844;BSKY-01899;BSKY-01953;BSKY-01969;BSKY-01977;BSKY-01995;BSKY-01997;BSKY-02027;BSKY-02070;BSKY-02071;BSKY-02082;BSKY-02102;BSKY-02103;BSKY-02109;BSKY-02375;BSKY-02389;BSKY-02470;BSKY-02545;BSKY-02548;BSKY-02580;BSKY-02583;BSKY-02636;BSKY-02657;BSKY-02663;BSKY-02678;BSKY-02679;BSKY-02720;BSKY-03074"
"at://did:plc:3t37x6vfigdzzp2gjcfnzlz4/app.bsky.feed.post/3mqrurc2eok2t","https://bsky.app/profile/jayrosen.bsky.social/post/3mqrurc2eok2t","2026-07-16T18:33:51.673Z","reply","self_thread_reply","context_only","short_acknowledgement_or_context_dependent_reply","0.93","false","false","false",""
"at://did:plc:3t37x6vfigdzzp2gjcfnzlz4/app.bsky.feed.post/3mqsfpdcvg22c","https://bsky.app/profile/jayrosen.bsky.social/post/3mqsfpdcvg22c","2026-07-16T23:36:59.503Z","original","root","admit","original_adds_argument_evidence_or_serious_question","0.9","false","false","false",""
"at://did:plc:3t37x6vfigdzzp2gjcfnzlz4/app.bsky.feed.post/3mqsgenzn4k2c","https://bsky.app/profile/jayrosen.bsky.social/post/3mqsgenzn4k2c","2026-07-16T23:48:55.378Z","reply","self_thread_reply","context_only","context_dependent_correction","0.93","false","false","false",""
"at://did:plc:3t37x6vfigdzzp2gjcfnzlz4/app.bsky.feed.post/3mqsi4mpn6k2j","https://bsky.app/profile/jayrosen.bsky.social/post/3mqsi4mpn6k2j","2026-07-17T00:20:13.050Z","reply","self_thread_reply","context_only","short_acknowledgement_or_context_dependent_reply","0.93","false","false","false",""
"at://did:plc:3t37x6vfigdzzp2gjcfnzlz4/app.bsky.feed.post/3mqsisljuok2c","https://bsky.app/profile/jayrosen.bsky.social/post/3mqsisljuok2c","2026-07-17T00:32:30.008Z","original","root","needs_review","image_context_needs_review","0.55","false","false","true","BSKY-00222;BSKY-01383;BSKY-01705;BSKY-02879;BSKY-03068;BSKY-03088"
"at://did:plc:3t37x6vfigdzzp2gjcfnzlz4/app.bsky.feed.post/3mqsjs4qu522c","https://bsky.app/profile/jayrosen.bsky.social/post/3mqsjs4qu522c","2026-07-17T00:50:08.253Z","reply","external_thread_reply","context_only","short_acknowledgement_or_context_dependent_reply","0.93","false","false","false",""
"at://did:plc:3t37x6vfigdzzp2gjcfnzlz4/app.bsky.feed.post/3mqsk3pyra22c","https://bsky.app/profile/jayrosen.bsky.social/post/3mqsk3pyra22c","2026-07-17T00:55:30.423Z","reply","external_thread_reply","context_only","brief_personal_answer_only","0.93","false","false","false",""
"at://did:plc:3t37x6vfigdzzp2gjcfnzlz4/app.bsky.feed.post/3mqsk6oxods2c","https://bsky.app/profile/jayrosen.bsky.social/post/3mqsk6oxods2c","2026-07-17T00:57:10.004Z","reply","self_thread_reply","admit","substantive_reply_adds_argument_evidence_or_analysis","0.9","false","false","false",""
"at://did:plc:3t37x6vfigdzzp2gjcfnzlz4/app.bsky.feed.post/3mqsnnwnwbk2e","https://bsky.app/profile/jayrosen.bsky.social/post/3mqsnnwnwbk2e","2026-07-17T01:59:22.612Z","reply","self_thread_reply","context_only","short_acknowledgement_or_context_dependent_reply","0.93","false","false","false",""
"at://did:plc:3t37x6vfigdzzp2gjcfnzlz4/app.bsky.feed.post/3mqsshsvgc22r","https://bsky.app/profile/jayrosen.bsky.social/post/3mqsshsvgc22r","2026-07-17T03:25:26.048Z","reply","self_thread_reply","admit","substantive_reply_adds_argument_evidence_or_analysis","0.9","false","false","false",""
"at://did:plc:3t37x6vfigdzzp2gjcfnzlz4/app.bsky.feed.post/3mqssjgyhyk2r","https://bsky.app/profile/jayrosen.bsky.social/post/3mqssjgyhyk2r","2026-07-17T03:26:20.674Z","reply","self_thread_reply","context_only","short_acknowledgement_or_context_dependent_reply","0.93","false","false","true","BSKY-00036;BSKY-00056;BSKY-00243;BSKY-00362;BSKY-00422;BSKY-00429;BSKY-00443;BSKY-00540;BSKY-00551;BSKY-00578;BSKY-00587;BSKY-00627;BSKY-00634;BSKY-00739;BSKY-00757;BSKY-00970;BSKY-01031;BSKY-01175;BSKY-01193;BSKY-01238;BSKY-01290;BSKY-01341;BSKY-01357;BSKY-01368;BSKY-01388;BSKY-01402;BSKY-01442;BSKY-01484;BSKY-01518;BSKY-01565;BSKY-01728;BSKY-01889;BSKY-01923;BSKY-02023;BSKY-02045;BSKY-02054;BSKY-02324;TWTR-20183;BSKY-03082;BSKY-03089;BSKY-03118;BSKY-03121;BSKY-03130"
"at://did:plc:3t37x6vfigdzzp2gjcfnzlz4/app.bsky.feed.post/3mquactzewk22","https://bsky.app/profile/jayrosen.bsky.social/post/3mquactzewk22","2026-07-17T17:05:51.575Z","original","root","admit","original_adds_argument_evidence_or_serious_question","0.9","false","false","false",""
"at://did:plc:3t37x6vfigdzzp2gjcfnzlz4/app.bsky.feed.post/3mqubqdjhis22","https://bsky.app/profile/jayrosen.bsky.social/post/3mqubqdjhis22","2026-07-17T17:31:17.782Z","original","root","admit","original_adds_argument_evidence_or_serious_question","0.9","false","false","false",""
"at://did:plc:3t37x6vfigdzzp2gjcfnzlz4/app.bsky.feed.post/3mque6aacks22","https://bsky.app/profile/jayrosen.bsky.social/post/3mque6aacks22","2026-07-17T18:14:51.583Z","reply","self_thread_reply","admit","substantive_reply_adds_argument_evidence_or_analysis","0.9","false","false","false",""
"at://did:plc:3t37x6vfigdzzp2gjcfnzlz4/app.bsky.feed.post/3mquegnyrt22b","https://bsky.app/profile/jayrosen.bsky.social/post/3mquegnyrt22b","2026-07-17T18:19:34.451Z","reply","self_thread_reply","admit","substantive_reply_adds_argument_evidence_or_analysis","0.9","false","false","false",""
"at://did:plc:3t37x6vfigdzzp2gjcfnzlz4/app.bsky.feed.post/3mquehrgmzk2b","https://bsky.app/profile/jayrosen.bsky.social/post/3mquehrgmzk2b","2026-07-17T18:20:11.606Z","reply","external_thread_reply","context_only","short_acknowledgement_or_context_dependent_reply","0.93","false","false","false",""
"at://did:plc:3t37x6vfigdzzp2gjcfnzlz4/app.bsky.feed.post/3mquit7w4z22r","https://bsky.app/profile/jayrosen.bsky.social/post/3mquit7w4z22r","2026-07-17T19:38:10.857Z","original","root","admit","original_adds_argument_evidence_or_serious_question","0.9","false","false","false",""
"at://did:plc:3t37x6vfigdzzp2gjcfnzlz4/app.bsky.feed.post/3mqwjiswqrs2t","https://bsky.app/profile/jayrosen.bsky.social/post/3mqwjiswqrs2t","2026-07-18T14:55:34.923Z","original","root","admit","citizens_agenda_argument_evidence_or_analysis","0.9","false","true","false",""
"at://did:plc:3t37x6vfigdzzp2gjcfnzlz4/app.bsky.feed.post/3mqzxhmsbhs2x","https://bsky.app/profile/jayrosen.bsky.social/post/3mqzxhmsbhs2x","2026-07-19T23:43:26.527Z","original","root","admit","original_adds_argument_evidence_or_serious_question","0.9","false","false","true","BSKY-00281"
"at://did:plc:3t37x6vfigdzzp2gjcfnzlz4/app.bsky.feed.post/3mqzydreabk2o","https://bsky.app/profile/jayrosen.bsky.social/post/3mqzydreabk2o","2026-07-19T23:59:10.837Z","reply","self_thread_reply","context_only","short_acknowledgement_or_context_dependent_reply","0.93","false","false","false",""
"at://did:plc:3t37x6vfigdzzp2gjcfnzlz4/app.bsky.feed.post/3mqzyqttskc2o","https://bsky.app/profile/jayrosen.bsky.social/post/3mqzyqttskc2o","2026-07-20T00:06:29.653Z","reply","self_thread_reply","context_only","short_acknowledgement_or_context_dependent_reply","0.93","false","false","false",""
"at://did:plc:3t37x6vfigdzzp2gjcfnzlz4/app.bsky.feed.post/3mqzzd3ocfc2o","https://bsky.app/profile/jayrosen.bsky.social/post/3mqzzd3ocfc2o","2026-07-20T00:16:41.841Z","reply","self_thread_reply","admit","substantive_reply_adds_argument_evidence_or_analysis","0.9","false","false","false",""
"at://did:plc:3t37x6vfigdzzp2gjcfnzlz4/app.bsky.feed.post/3mqzzo6c4bk2o","https://bsky.app/profile/jayrosen.bsky.social/post/3mqzzo6c4bk2o","2026-07-20T00:22:53.686Z","reply","self_thread_reply","admit","substantive_reply_adds_argument_evidence_or_analysis","0.9","false","false","false",""
"at://did:plc:3t37x6vfigdzzp2gjcfnzlz4/app.bsky.feed.post/3mqzzowdeic2o","https://bsky.app/profile/jayrosen.bsky.social/post/3mqzzowdeic2o","2026-07-20T00:23:18.893Z","reply","self_thread_reply","context_only","short_acknowledgement_or_context_dependent_reply","0.93","false","false","false",""
"at://did:plc:3t37x6vfigdzzp2gjcfnzlz4/app.bsky.feed.post/3mr2453iylk22","https://bsky.app/profile/jayrosen.bsky.social/post/3mr2453iylk22","2026-07-20T01:07:01.565Z","reply","self_thread_reply","admit","substantive_reply_adds_argument_evidence_or_analysis","0.9","false","false","false",""
"at://did:plc:3t37x6vfigdzzp2gjcfnzlz4/app.bsky.feed.post/3mr24oeb63222","https://bsky.app/profile/jayrosen.bsky.social/post/3mr24oeb63222","2026-07-20T01:16:41.172Z","reply","self_thread_reply","admit","substantive_reply_adds_argument_evidence_or_analysis","0.9","false","false","false",""
"at://did:plc:3t37x6vfigdzzp2gjcfnzlz4/app.bsky.feed.post/3mr26fynvys2l","https://bsky.app/profile/jayrosen.bsky.social/post/3mr26fynvys2l","2026-07-20T01:47:48.055Z","reply","external_thread_reply","context_only","short_acknowledgement_or_context_dependent_reply","0.93","false","false","false",""
"at://did:plc:3t37x6vfigdzzp2gjcfnzlz4/app.bsky.feed.post/3mr26wpu6zc2m","https://bsky.app/profile/jayrosen.bsky.social/post/3mr26wpu6zc2m","2026-07-20T01:57:09.248Z","reply","self_thread_reply","admit","substantive_reply_adds_argument_evidence_or_analysis","0.9","false","false","false",""
"at://did:plc:3t37x6vfigdzzp2gjcfnzlz4/app.bsky.feed.post/3mr2bbknxc22j","https://bsky.app/profile/jayrosen.bsky.social/post/3mr2bbknxc22j","2026-07-20T02:39:00.383Z","reply","self_thread_reply","context_only","short_acknowledgement_or_context_dependent_reply","0.93","false","false","true","BSKY-00001;BSKY-00006;BSKY-00054;BSKY-00055;BSKY-00058;BSKY-00110;BSKY-00111;BSKY-00115;BSKY-00142;BSKY-00155;BSKY-00156;BSKY-00157;BSKY-00188;BSKY-00295;BSKY-00373;BSKY-00374;BSKY-00536;BSKY-00614;BSKY-00615;BSKY-00628;BSKY-00673;BSKY-00677;BSKY-00690;BSKY-00705;BSKY-00706;BSKY-00709;BSKY-00735;BSKY-00736;BSKY-00762;BSKY-00766;BSKY-00780;BSKY-00883;BSKY-00988;BSKY-01007;BSKY-01008;BSKY-01040;BSKY-01046;BSKY-01075;BSKY-01127;BSKY-01230;BSKY-01265;BSKY-01296;BSKY-01299;BSKY-01349;BSKY-01355;BSKY-01373;BSKY-01379;BSKY-01391;BSKY-01396;BSKY-01397;BSKY-01409;BSKY-01482;BSKY-01483;BSKY-01485;BSKY-01486;BSKY-01515;BSKY-01530;BSKY-01532;BSKY-01617;BSKY-01702;BSKY-01739;BSKY-01786;BSKY-01813;BSKY-01844;BSKY-01899;BSKY-01953;BSKY-01969;BSKY-01977;BSKY-01995;BSKY-01997;BSKY-02027;BSKY-02070;BSKY-02071;BSKY-02082;BSKY-02102;BSKY-02103;BSKY-02109;BSKY-02375;BSKY-02389;BSKY-02470;BSKY-02545;BSKY-02548;BSKY-02580;BSKY-02583;BSKY-02636;BSKY-02657;BSKY-02663;BSKY-02678;BSKY-02679;BSKY-02720;BSKY-03074"
"at://did:plc:3t37x6vfigdzzp2gjcfnzlz4/app.bsky.feed.post/3mr3fqy4bns24","https://bsky.app/profile/jayrosen.bsky.social/post/3mr3fqy4bns24","2026-07-20T13:31:52.506Z","reply","self_thread_reply","context_only","short_acknowledgement_or_context_dependent_reply","0.93","false","false","false",""
"at://did:plc:3t37x6vfigdzzp2gjcfnzlz4/app.bsky.feed.post/3mr3fytb3fc24","https://bsky.app/profile/jayrosen.bsky.social/post/3mr3fytb3fc24","2026-07-20T13:36:15.857Z","reply","self_thread_reply","context_only","short_acknowledgement_or_context_dependent_reply","0.93","false","false","false",""
"at://did:plc:3t37x6vfigdzzp2gjcfnzlz4/app.bsky.feed.post/3mr4b4655js24","https://bsky.app/profile/jayrosen.bsky.social/post/3mr4b4655js24","2026-07-20T21:41:18.954Z","reply","self_thread_reply","context_only","short_acknowledgement_or_context_dependent_reply","0.93","false","false","true","BSKY-00165;BSKY-01419;BSKY-03032"
"at://did:plc:3t37x6vfigdzzp2gjcfnzlz4/app.bsky.feed.post/3mr6vhsg27k22","https://bsky.app/profile/jayrosen.bsky.social/post/3mr6vhsg27k22","2026-07-21T22:51:03.627Z","original","root","admit","original_adds_argument_evidence_or_serious_question","0.9","false","false","false",""
"at://did:plc:3t37x6vfigdzzp2gjcfnzlz4/app.bsky.feed.post/3mr736adz3k24","https://bsky.app/profile/jayrosen.bsky.social/post/3mr736adz3k24","2026-07-22T00:33:05.149Z","reply","self_thread_reply","context_only","short_acknowledgement_or_context_dependent_reply","0.93","false","false","true","BSKY-00072;BSKY-00298;BSKY-00408;BSKY-00621;BSKY-00969;BSKY-01578;BSKY-02101;BSKY-02121"
"at://did:plc:3t37x6vfigdzzp2gjcfnzlz4/app.bsky.feed.post/3mr736ptx7c24","https://bsky.app/profile/jayrosen.bsky.social/post/3mr736ptx7c24","2026-07-22T00:33:21.402Z","reply","self_thread_reply","context_only","short_acknowledgement_or_context_dependent_reply","0.93","false","false","true","BSKY-00001;BSKY-00006;BSKY-00054;BSKY-00055;BSKY-00058;BSKY-00110;BSKY-00111;BSKY-00115;BSKY-00142;BSKY-00155;BSKY-00156;BSKY-00157;BSKY-00188;BSKY-00295;BSKY-00373;BSKY-00374;BSKY-00536;BSKY-00614;BSKY-00615;BSKY-00628;BSKY-00673;BSKY-00677;BSKY-00690;BSKY-00705;BSKY-00706;BSKY-00709;BSKY-00735;BSKY-00736;BSKY-00762;BSKY-00766;BSKY-00780;BSKY-00883;BSKY-00988;BSKY-01007;BSKY-01008;BSKY-01040;BSKY-01046;BSKY-01075;BSKY-01127;BSKY-01230;BSKY-01265;BSKY-01296;BSKY-01299;BSKY-01349;BSKY-01355;BSKY-01373;BSKY-01379;BSKY-01391;BSKY-01396;BSKY-01397;BSKY-01409;BSKY-01482;BSKY-01483;BSKY-01485;BSKY-01486;BSKY-01515;BSKY-01530;BSKY-01532;BSKY-01617;BSKY-01702;BSKY-01739;BSKY-01786;BSKY-01813;BSKY-01844;BSKY-01899;BSKY-01953;BSKY-01969;BSKY-01977;BSKY-01995;BSKY-01997;BSKY-02027;BSKY-02070;BSKY-02071;BSKY-02082;BSKY-02102;BSKY-02103;BSKY-02109;BSKY-02375;BSKY-02389;BSKY-02470;BSKY-02545;BSKY-02548;BSKY-02580;BSKY-02583;BSKY-02636;BSKY-02657;BSKY-02663;BSKY-02678;BSKY-02679;BSKY-02720;BSKY-03074"
"at://did:plc:3t37x6vfigdzzp2gjcfnzlz4/app.bsky.feed.post/3mr73eaexr224","https://bsky.app/profile/jayrosen.bsky.social/post/3mr73eaexr224","2026-07-22T00:36:26.509Z","reply","self_thread_reply","context_only","short_acknowledgement_or_context_dependent_reply","0.93","false","false","false",""
"at://did:plc:3t37x6vfigdzzp2gjcfnzlz4/app.bsky.feed.post/3mr73ncmsp224","https://bsky.app/profile/jayrosen.bsky.social/post/3mr73ncmsp224","2026-07-22T00:41:30.852Z","reply","self_thread_reply","context_only","routine_correction_acknowledgement","0.93","false","false","false",""
"at://did:plc:3t37x6vfigdzzp2gjcfnzlz4/app.bsky.feed.post/3mr77mdzjik2f","https://bsky.app/profile/jayrosen.bsky.social/post/3mr77mdzjik2f","2026-07-22T01:52:33.729Z","quote","root","admit","quote_adds_substantive_commentary","0.9","false","false","false",""
"at://did:plc:3t37x6vfigdzzp2gjcfnzlz4/app.bsky.feed.post/3mrdcgezpgc2u","https://bsky.app/profile/jayrosen.bsky.social/post/3mrdcgezpgc2u","2026-07-23T16:53:33.636Z","original","root","admit","original_adds_argument_evidence_or_serious_question","0.9","false","false","false",""
"at://did:plc:3t37x6vfigdzzp2gjcfnzlz4/app.bsky.feed.post/3mre6tm4pfk2n","https://bsky.app/profile/jayrosen.bsky.social/post/3mre6tm4pfk2n","2026-07-24T01:22:02.040Z","original","root","admit","original_adds_argument_evidence_or_serious_question","0.9","false","false","false",""
"at://did:plc:3t37x6vfigdzzp2gjcfnzlz4/app.bsky.feed.post/3mrfg5onrok2h","https://bsky.app/profile/jayrosen.bsky.social/post/3mrfg5onrok2h","2026-07-24T13:05:36.185Z","reply","self_thread_reply","context_only","short_acknowledgement_or_context_dependent_reply","0.93","false","false","true","BSKY-00001;BSKY-00006;BSKY-00054;BSKY-00055;BSKY-00058;BSKY-00110;BSKY-00111;BSKY-00115;BSKY-00142;BSKY-00155;BSKY-00156;BSKY-00157;BSKY-00188;BSKY-00295;BSKY-00373;BSKY-00374;BSKY-00536;BSKY-00614;BSKY-00615;BSKY-00628;BSKY-00673;BSKY-00677;BSKY-00690;BSKY-00705;BSKY-00706;BSKY-00709;BSKY-00735;BSKY-00736;BSKY-00762;BSKY-00766;BSKY-00780;BSKY-00883;BSKY-00988;BSKY-01007;BSKY-01008;BSKY-01040;BSKY-01046;BSKY-01075;BSKY-01127;BSKY-01230;BSKY-01265;BSKY-01296;BSKY-01299;BSKY-01349;BSKY-01355;BSKY-01373;BSKY-01379;BSKY-01391;BSKY-01396;BSKY-01397;BSKY-01409;BSKY-01482;BSKY-01483;BSKY-01485;BSKY-01486;BSKY-01515;BSKY-01530;BSKY-01532;BSKY-01617;BSKY-01702;BSKY-01739;BSKY-01786;BSKY-01813;BSKY-01844;BSKY-01899;BSKY-01953;BSKY-01969;BSKY-01977;BSKY-01995;BSKY-01997;BSKY-02027;BSKY-02070;BSKY-02071;BSKY-02082;BSKY-02102;BSKY-02103;BSKY-02109;BSKY-02375;BSKY-02389;BSKY-02470;BSKY-02545;BSKY-02548;BSKY-02580;BSKY-02583;BSKY-02636;BSKY-02657;BSKY-02663;BSKY-02678;BSKY-02679;BSKY-02720;BSKY-03074"
"at://did:plc:3t37x6vfigdzzp2gjcfnzlz4/app.bsky.feed.post/3mrfmp5dcs22v","https://bsky.app/profile/jayrosen.bsky.social/post/3mrfmp5dcs22v","2026-07-24T15:02:44.443Z","original","root","admit","original_adds_argument_evidence_or_serious_question","0.9","false","false","false",""
"at://did:plc:3t37x6vfigdzzp2gjcfnzlz4/app.bsky.feed.post/3mrfqvngcfc22","https://bsky.app/profile/jayrosen.bsky.social/post/3mrfqvngcfc22","2026-07-24T16:17:57.616Z","original","root","admit","original_adds_argument_evidence_or_serious_question","0.9","false","false","false",""
"at://did:plc:3t37x6vfigdzzp2gjcfnzlz4/app.bsky.feed.post/3mrgubvmkx22w","https://bsky.app/profile/jayrosen.bsky.social/post/3mrgubvmkx22w","2026-07-25T02:51:09.828Z","original","root","needs_review","missing_context_needs_review","0.55","false","false","false",""
"at://did:plc:3t37x6vfigdzzp2gjcfnzlz4/app.bsky.feed.post/3mrpopem4o22n","https://bsky.app/profile/jayrosen.bsky.social/post/3mrpopem4o22n","2026-07-28T15:05:16.943Z","original","root","admit","original_adds_argument_evidence_or_serious_question","0.9","false","false","false",""
"at://did:plc:3t37x6vfigdzzp2gjcfnzlz4/app.bsky.feed.post/3mrprpaz2ks2p","https://bsky.app/profile/jayrosen.bsky.social/post/3mrprpaz2ks2p","2026-07-28T15:58:54.391Z","original","root","admit","original_adds_argument_evidence_or_serious_question","0.9","false","false","false",""
"at://did:plc:3t37x6vfigdzzp2gjcfnzlz4/app.bsky.feed.post/3mrpuj4myb22n","https://bsky.app/profile/jayrosen.bsky.social/post/3mrpuj4myb22n","2026-07-28T16:49:09.704Z","reply","self_thread_reply","admit","substantive_reply_adds_argument_evidence_or_analysis","0.9","false","false","false",""
"at://did:plc:3t37x6vfigdzzp2gjcfnzlz4/app.bsky.feed.post/3mrqypmuuq22l","https://bsky.app/profile/jayrosen.bsky.social/post/3mrqypmuuq22l","2026-07-29T03:37:02.775Z","original","root","admit","original_adds_argument_evidence_or_serious_question","0.9","false","false","false",""
"at://did:plc:3t37x6vfigdzzp2gjcfnzlz4/app.bsky.feed.post/3mrr2gsnpys2a","https://bsky.app/profile/jayrosen.bsky.social/post/3mrr2gsnpys2a","2026-07-29T04:07:54.322Z","original","root","admit","original_adds_argument_evidence_or_serious_question","0.9","false","false","false",""
"at://did:plc:3t37x6vfigdzzp2gjcfnzlz4/app.bsky.feed.post/3mrr3bonygs2a","https://bsky.app/profile/jayrosen.bsky.social/post/3mrr3bonygs2a","2026-07-29T04:22:56.109Z","reply","self_thread_reply","admit","substantive_reply_adds_argument_evidence_or_analysis","0.9","false","false","false",""
"at://did:plc:3t37x6vfigdzzp2gjcfnzlz4/app.bsky.feed.post/3mrr4vidjhs2y","https://bsky.app/profile/jayrosen.bsky.social/post/3mrr4vidjhs2y","2026-07-29T04:51:54.307Z","reply","self_thread_reply","admit","substantive_reply_adds_argument_evidence_or_analysis","0.9","false","false","false",""
"at://did:plc:3t37x6vfigdzzp2gjcfnzlz4/app.bsky.feed.post/3mrrxxv6jpc2p","https://bsky.app/profile/jayrosen.bsky.social/post/3mrrxxv6jpc2p","2026-07-29T12:56:25.909Z","original","root","admit","original_adds_argument_evidence_or_serious_question","0.9","false","false","false",""
"at://did:plc:3t37x6vfigdzzp2gjcfnzlz4/app.bsky.feed.post/3mrsvqjwuac25","https://bsky.app/profile/jayrosen.bsky.social/post/3mrsvqjwuac25","2026-07-29T21:49:11.491Z","original","root","admit","original_adds_argument_evidence_or_serious_question","0.9","false","false","false",""
"at://did:plc:3t37x6vfigdzzp2gjcfnzlz4/app.bsky.feed.post/3mruoudyjpk24","https://bsky.app/profile/jayrosen.bsky.social/post/3mruoudyjpk24","2026-07-30T14:51:22.761Z","original","root","admit","original_adds_argument_evidence_or_serious_question","0.9","false","false","false",""
"at://did:plc:3t37x6vfigdzzp2gjcfnzlz4/app.bsky.feed.post/3mruqmt2je22u","https://bsky.app/profile/jayrosen.bsky.social/post/3mruqmt2je22u","2026-07-30T15:22:57.608Z","reply","self_thread_reply","context_only","brief_factual_answer_only","0.93","false","false","false",""
"at://did:plc:3t37x6vfigdzzp2gjcfnzlz4/app.bsky.feed.post/3mrvi4ckzm22n","https://bsky.app/profile/jayrosen.bsky.social/post/3mrvi4ckzm22n","2026-07-30T22:23:13.257Z","reply","external_thread_reply","admit","substantive_reply_adds_argument_evidence_or_analysis","0.9","false","false","false",""
"at://did:plc:3t37x6vfigdzzp2gjcfnzlz4/app.bsky.feed.post/3ms2a7nikmk24","https://bsky.app/profile/jayrosen.bsky.social/post/3ms2a7nikmk24","2026-08-01T19:45:14.130Z","reply","self_thread_reply","admit","substantive_reply_adds_argument_evidence_or_analysis","0.9","false","false","false",""
"at://did:plc:3t37x6vfigdzzp2gjcfnzlz4/app.bsky.feed.post/3ms2s35g6kk26","https://bsky.app/profile/jayrosen.bsky.social/post/3ms2s35g6kk26","2026-08-02T01:04:50.404Z","quote","root","admit","quote_adds_substantive_commentary","0.9","false","false","false",""
"at://did:plc:3t37x6vfigdzzp2gjcfnzlz4/app.bsky.feed.post/3ms4qpq6gtc2v","https://bsky.app/profile/jayrosen.bsky.social/post/3ms4qpq6gtc2v","2026-08-02T19:45:53.160Z","reply","self_thread_reply","admit","substantive_reply_adds_argument_evidence_or_analysis","0.9","false","false","false",""
"at://did:plc:3t37x6vfigdzzp2gjcfnzlz4/app.bsky.feed.post/3ms7hio6yv22e","https://bsky.app/profile/jayrosen.bsky.social/post/3ms7hio6yv22e","2026-08-03T21:38:51.739Z","original","root","admit","original_adds_argument_evidence_or_serious_question","0.9","false","false","false",""
"at://did:plc:3t37x6vfigdzzp2gjcfnzlz4/app.bsky.feed.post/3msbbmyands2e","https://bsky.app/profile/jayrosen.bsky.social/post/3msbbmyands2e","2026-08-04T14:59:13.522Z","original","root","admit","original_adds_argument_evidence_or_serious_question","0.9","false","false","false",""
"at://did:plc:3t37x6vfigdzzp2gjcfnzlz4/app.bsky.feed.post/3msbdqfgv4k25","https://bsky.app/profile/jayrosen.bsky.social/post/3msbdqfgv4k25","2026-08-04T15:36:55.500Z","original","root","admit","original_adds_argument_evidence_or_serious_question","0.9","false","false","false",""
"at://did:plc:3t37x6vfigdzzp2gjcfnzlz4/app.bsky.feed.post/3msbe235uic25","https://bsky.app/profile/jayrosen.bsky.social/post/3msbe235uic25","2026-08-04T15:42:20.263Z","reply","external_thread_reply","context_only","short_acknowledgement_or_context_dependent_reply","0.93","false","false","false",""
"at://did:plc:3t37x6vfigdzzp2gjcfnzlz4/app.bsky.feed.post/3msbeukmoak2v","https://bsky.app/profile/jayrosen.bsky.social/post/3msbeukmoak2v","2026-08-04T15:57:08.896Z","reply","self_thread_reply","admit","substantive_reply_adds_argument_evidence_or_analysis","0.9","false","false","false",""
"at://did:plc:3t37x6vfigdzzp2gjcfnzlz4/app.bsky.feed.post/3msccqyzjd22u","https://bsky.app/profile/jayrosen.bsky.social/post/3msccqyzjd22u","2026-08-05T00:52:02.035Z","reply","self_thread_reply","admit","substantive_reply_adds_argument_evidence_or_analysis","0.9","false","false","false",""
"at://did:plc:3t37x6vfigdzzp2gjcfnzlz4/app.bsky.feed.post/3msgenkhzyc2s","https://bsky.app/profile/jayrosen.bsky.social/post/3msgenkhzyc2s","2026-08-06T15:36:32.550Z","original","root","admit","original_adds_argument_evidence_or_serious_question","0.9","false","false","false",""
"at://did:plc:3t37x6vfigdzzp2gjcfnzlz4/app.bsky.feed.post/3msgkd6d7xs25","https://bsky.app/profile/jayrosen.bsky.social/post/3msgkd6d7xs25","2026-08-06T17:18:06.723Z","reply","self_thread_reply","admit","substantive_reply_adds_argument_evidence_or_analysis","0.9","false","false","false",""
"at://did:plc:3t37x6vfigdzzp2gjcfnzlz4/app.bsky.feed.post/3msgpoiqwsk2j","https://bsky.app/profile/jayrosen.bsky.social/post/3msgpoiqwsk2j","2026-08-06T18:53:55.465Z","original","root","admit","original_adds_argument_evidence_or_serious_question","0.9","false","false","false",""
"at://did:plc:3t37x6vfigdzzp2gjcfnzlz4/app.bsky.feed.post/3msgprss5ss2u","https://bsky.app/profile/jayrosen.bsky.social/post/3msgprss5ss2u","2026-08-06T18:55:46.654Z","reply","external_thread_reply","context_only","short_acknowledgement_or_context_dependent_reply","0.93","false","false","false",""
"at://did:plc:3t37x6vfigdzzp2gjcfnzlz4/app.bsky.feed.post/3msgqydmuo22j","https://bsky.app/profile/jayrosen.bsky.social/post/3msgqydmuo22j","2026-08-06T19:17:19.377Z","reply","self_thread_reply","context_only","short_acknowledgement_or_context_dependent_reply","0.93","false","false","true","BSKY-00036;BSKY-00056;BSKY-00243;BSKY-00362;BSKY-00422;BSKY-00429;BSKY-00443;BSKY-00540;BSKY-00551;BSKY-00578;BSKY-00587;BSKY-00627;BSKY-00634;BSKY-00739;BSKY-00757;BSKY-00970;BSKY-01031;BSKY-01175;BSKY-01193;BSKY-01238;BSKY-01290;BSKY-01341;BSKY-01357;BSKY-01368;BSKY-01388;BSKY-01402;BSKY-01442;BSKY-01484;BSKY-01518;BSKY-01565;BSKY-01728;BSKY-01889;BSKY-01923;BSKY-02023;BSKY-02045;BSKY-02054;BSKY-02324;TWTR-20183;BSKY-03082;BSKY-03089;BSKY-03118;BSKY-03121;BSKY-03130"
"at://did:plc:3t37x6vfigdzzp2gjcfnzlz4/app.bsky.feed.post/3msh3ultzac2e","https://bsky.app/profile/jayrosen.bsky.social/post/3msh3ultzac2e","2026-08-06T22:32:04.929Z","original","root","admit","original_adds_argument_evidence_or_serious_question","0.9","false","false","false",""
"at://did:plc:3t37x6vfigdzzp2gjcfnzlz4/app.bsky.feed.post/3msh7acsb4c2e","https://bsky.app/profile/jayrosen.bsky.social/post/3msh7acsb4c2e","2026-08-06T23:32:19.326Z","reply","self_thread_reply","context_only","short_acknowledgement_or_context_dependent_reply","0.93","false","false","false",""
"at://did:plc:3t37x6vfigdzzp2gjcfnzlz4/app.bsky.feed.post/3mshbrmae4c2u","https://bsky.app/profile/jayrosen.bsky.social/post/3mshbrmae4c2u","2026-08-07T00:17:47.127Z","original","root","needs_review","image_context_needs_review","0.55","false","false","false",""
"at://did:plc:3t37x6vfigdzzp2gjcfnzlz4/app.bsky.feed.post/3msheywatic2e","https://bsky.app/profile/jayrosen.bsky.social/post/3msheywatic2e","2026-08-07T01:15:33.740Z","reply","self_thread_reply","context_only","short_acknowledgement_or_context_dependent_reply","0.93","false","false","false",""
"at://did:plc:3t37x6vfigdzzp2gjcfnzlz4/app.bsky.feed.post/3msistrpbjs2e","https://bsky.app/profile/jayrosen.bsky.social/post/3msistrpbjs2e","2026-08-07T14:55:53.322Z","reply","self_thread_reply","context_only","short_acknowledgement_or_context_dependent_reply","0.93","false","false","false",""
"at://did:plc:3t37x6vfigdzzp2gjcfnzlz4/app.bsky.feed.post/3msitjg2he22j","https://bsky.app/profile/jayrosen.bsky.social/post/3msitjg2he22j","2026-08-07T15:07:59.304Z","reply","external_thread_reply","context_only","short_acknowledgement_or_context_dependent_reply","0.93","false","false","false",""
"at://did:plc:3t37x6vfigdzzp2gjcfnzlz4/app.bsky.feed.post/3msiu6ye2k22j","https://bsky.app/profile/jayrosen.bsky.social/post/3msiu6ye2k22j","2026-08-07T15:20:03.136Z","original","root","admit","original_adds_argument_evidence_or_serious_question","0.9","false","false","false",""
"at://did:plc:3t37x6vfigdzzp2gjcfnzlz4/app.bsky.feed.post/3msiuxpsukc2a","https://bsky.app/profile/jayrosen.bsky.social/post/3msiuxpsukc2a","2026-08-07T15:33:53.044Z","reply","self_thread_reply","admit","substantive_reply_adds_argument_evidence_or_analysis","0.9","false","false","false",""
"at://did:plc:3t37x6vfigdzzp2gjcfnzlz4/app.bsky.feed.post/3msiveiw7fk2a","https://bsky.app/profile/jayrosen.bsky.social/post/3msiveiw7fk2a","2026-08-07T15:41:02.022Z","reply","self_thread_reply","context_only","short_acknowledgement_or_context_dependent_reply","0.93","false","false","false",""
"at://did:plc:3t37x6vfigdzzp2gjcfnzlz4/app.bsky.feed.post/3msiylggcbk2a","https://bsky.app/profile/jayrosen.bsky.social/post/3msiylggcbk2a","2026-08-07T16:38:35.510Z","reply","self_thread_reply","admit","substantive_reply_adds_argument_evidence_or_analysis","0.9","false","false","false",""
"at://did:plc:3t37x6vfigdzzp2gjcfnzlz4/app.bsky.feed.post/3msiyqsfhtk2a","https://bsky.app/profile/jayrosen.bsky.social/post/3msiyqsfhtk2a","2026-08-07T16:41:35.839Z","reply","self_thread_reply","context_only","short_acknowledgement_or_context_dependent_reply","0.93","false","false","false",""
"at://did:plc:3t37x6vfigdzzp2gjcfnzlz4/app.bsky.feed.post/3msiztd4bgc2a","https://bsky.app/profile/jayrosen.bsky.social/post/3msiztd4bgc2a","2026-08-07T17:00:54.213Z","reply","self_thread_reply","admit","substantive_reply_adds_argument_evidence_or_analysis","0.9","false","false","false",""
"at://did:plc:3t37x6vfigdzzp2gjcfnzlz4/app.bsky.feed.post/3msizzuvml22a","https://bsky.app/profile/jayrosen.bsky.social/post/3msizzuvml22a","2026-08-07T17:04:34.195Z","reply","self_thread_reply","context_only","short_acknowledgement_or_context_dependent_reply","0.93","false","false","false",""
"at://did:plc:3t37x6vfigdzzp2gjcfnzlz4/app.bsky.feed.post/3mslhpq6ves2u","https://bsky.app/profile/jayrosen.bsky.social/post/3mslhpq6ves2u","2026-08-08T16:14:45.574Z","original","root","admit","original_adds_argument_evidence_or_serious_question","0.9","false","false","false",""
"at://did:plc:3t37x6vfigdzzp2gjcfnzlz4/app.bsky.feed.post/3msli5dynzk2u","https://bsky.app/profile/jayrosen.bsky.social/post/3msli5dynzk2u","2026-08-08T16:22:22.550Z","reply","self_thread_reply","admit","substantive_reply_adds_source_provenance","0.9","false","false","false",""
"at://did:plc:3t37x6vfigdzzp2gjcfnzlz4/app.bsky.feed.post/3msljm6cass2j","https://bsky.app/profile/jayrosen.bsky.social/post/3msljm6cass2j","2026-08-08T16:48:33.628Z","original","root","admit","original_adds_argument_evidence_or_serious_question","0.9","false","false","false",""
"at://did:plc:3t37x6vfigdzzp2gjcfnzlz4/app.bsky.feed.post/3msm2uch2ec22","https://bsky.app/profile/jayrosen.bsky.social/post/3msm2uch2ec22","2026-08-08T21:57:20.029Z","reply","self_thread_reply","context_only","short_acknowledgement_or_context_dependent_reply","0.93","false","false","false",""
"at://did:plc:3t37x6vfigdzzp2gjcfnzlz4/app.bsky.feed.post/3msma664idk2u","https://bsky.app/profile/jayrosen.bsky.social/post/3msma664idk2u","2026-08-08T23:32:19.741Z","original","root","admit","original_adds_argument_evidence_or_serious_question","0.9","false","false","false",""
"at://did:plc:3t37x6vfigdzzp2gjcfnzlz4/app.bsky.feed.post/3msnz2fd6w22n","https://bsky.app/profile/jayrosen.bsky.social/post/3msnz2fd6w22n","2026-08-09T16:30:16.367Z","reply","external_thread_reply","admit","substantive_reply_adds_argument_evidence_or_analysis","0.9","false","false","false",""
"at://did:plc:3t37x6vfigdzzp2gjcfnzlz4/app.bsky.feed.post/3msoixacclk2u","https://bsky.app/profile/jayrosen.bsky.social/post/3msoixacclk2u","2026-08-09T21:14:50.299Z","original","root","admit","original_adds_argument_evidence_or_serious_question","0.9","false","false","false",""
"at://did:plc:3t37x6vfigdzzp2gjcfnzlz4/app.bsky.feed.post/3msqduit7oc27","https://bsky.app/profile/jayrosen.bsky.social/post/3msqduit7oc27","2026-08-10T14:49:09.343Z","original","root","admit","original_adds_argument_evidence_or_serious_question","0.9","false","false","false",""
"at://did:plc:3t37x6vfigdzzp2gjcfnzlz4/app.bsky.feed.post/3msqersaql22b","https://bsky.app/profile/jayrosen.bsky.social/post/3msqersaql22b","2026-08-10T15:05:32.307Z","reply","self_thread_reply","context_only","short_acknowledgement_or_context_dependent_reply","0.93","false","false","true","BSKY-00147;BSKY-00896;BSKY-01469;BSKY-01875;BSKY-02387"
"at://did:plc:3t37x6vfigdzzp2gjcfnzlz4/app.bsky.feed.post/3msqfj64voc22","https://bsky.app/profile/jayrosen.bsky.social/post/3msqfj64voc22","2026-08-10T15:18:36.517Z","reply","external_thread_reply","context_only","short_acknowledgement_or_context_dependent_reply","0.93","false","false","false",""
"at://did:plc:3t37x6vfigdzzp2gjcfnzlz4/app.bsky.feed.post/3msqno6pnjk2a","https://bsky.app/profile/jayrosen.bsky.social/post/3msqno6pnjk2a","2026-08-10T17:44:34.826Z","original","root","admit","original_adds_argument_evidence_or_serious_question","0.9","false","false","false",""
"at://did:plc:3t37x6vfigdzzp2gjcfnzlz4/app.bsky.feed.post/3msqo5s6ctk2h","https://bsky.app/profile/jayrosen.bsky.social/post/3msqo5s6ctk2h","2026-08-10T17:53:18.556Z","reply","external_thread_reply","admit","substantive_reply_adds_argument_evidence_or_analysis","0.9","false","false","false",""
"at://did:plc:3t37x6vfigdzzp2gjcfnzlz4/app.bsky.feed.post/3msrjqwjjhs2w","https://bsky.app/profile/jayrosen.bsky.social/post/3msrjqwjjhs2w","2026-08-11T02:07:11.680Z","original","root","admit","original_adds_argument_evidence_or_serious_question","0.9","false","false","false",""
"at://did:plc:3t37x6vfigdzzp2gjcfnzlz4/app.bsky.feed.post/3msrsj3khvk2l","https://bsky.app/profile/jayrosen.bsky.social/post/3msrsj3khvk2l","2026-08-11T04:43:52.198Z","reply","self_thread_reply","context_only","short_acknowledgement_or_context_dependent_reply","0.93","false","false","true","BSKY-00001;BSKY-00006;BSKY-00054;BSKY-00055;BSKY-00058;BSKY-00110;BSKY-00111;BSKY-00115;BSKY-00142;BSKY-00155;BSKY-00156;BSKY-00157;BSKY-00188;BSKY-00295;BSKY-00373;BSKY-00374;BSKY-00536;BSKY-00614;BSKY-00615;BSKY-00628;BSKY-00673;BSKY-00677;BSKY-00690;BSKY-00705;BSKY-00706;BSKY-00709;BSKY-00735;BSKY-00736;BSKY-00762;BSKY-00766;BSKY-00780;BSKY-00883;BSKY-00988;BSKY-01007;BSKY-01008;BSKY-01040;BSKY-01046;BSKY-01075;BSKY-01127;BSKY-01230;BSKY-01265;BSKY-01296;BSKY-01299;BSKY-01349;BSKY-01355;BSKY-01373;BSKY-01379;BSKY-01391;BSKY-01396;BSKY-01397;BSKY-01409;BSKY-01482;BSKY-01483;BSKY-01485;BSKY-01486;BSKY-01515;BSKY-01530;BSKY-01532;BSKY-01617;BSKY-01702;BSKY-01739;BSKY-01786;BSKY-01813;BSKY-01844;BSKY-01899;BSKY-01953;BSKY-01969;BSKY-01977;BSKY-01995;BSKY-01997;BSKY-02027;BSKY-02070;BSKY-02071;BSKY-02082;BSKY-02102;BSKY-02103;BSKY-02109;BSKY-02375;BSKY-02389;BSKY-02470;BSKY-02545;BSKY-02548;BSKY-02580;BSKY-02583;BSKY-02636;BSKY-02657;BSKY-02663;BSKY-02678;BSKY-02679;BSKY-02720;BSKY-03074"
"at://did:plc:3t37x6vfigdzzp2gjcfnzlz4/app.bsky.feed.post/3msvhozl6j22b","https://bsky.app/profile/jayrosen.bsky.social/post/3msvhozl6j22b","2026-08-12T15:40:59.239Z","original","root","admit","citizens_agenda_argument_evidence_or_analysis","0.9","false","true","false",""
"at://did:plc:3t37x6vfigdzzp2gjcfnzlz4/app.bsky.feed.post/3msviemljac2b","https://bsky.app/profile/jayrosen.bsky.social/post/3msviemljac2b","2026-08-12T15:53:03.821Z","reply","self_thread_reply","context_only","citizens_agenda_context_only","0.93","false","true","true","BSKY-00001;BSKY-00006;BSKY-00054;BSKY-00055;BSKY-00058;BSKY-00110;BSKY-00111;BSKY-00115;BSKY-00142;BSKY-00155;BSKY-00156;BSKY-00157;BSKY-00188;BSKY-00295;BSKY-00373;BSKY-00374;BSKY-00536;BSKY-00614;BSKY-00615;BSKY-00628;BSKY-00673;BSKY-00677;BSKY-00690;BSKY-00705;BSKY-00706;BSKY-00709;BSKY-00735;BSKY-00736;BSKY-00762;BSKY-00766;BSKY-00780;BSKY-00883;BSKY-00988;BSKY-01007;BSKY-01008;BSKY-01040;BSKY-01046;BSKY-01075;BSKY-01127;BSKY-01230;BSKY-01265;BSKY-01296;BSKY-01299;BSKY-01349;BSKY-01355;BSKY-01373;BSKY-01379;BSKY-01391;BSKY-01396;BSKY-01397;BSKY-01409;BSKY-01482;BSKY-01483;BSKY-01485;BSKY-01486;BSKY-01515;BSKY-01530;BSKY-01532;BSKY-01617;BSKY-01702;BSKY-01739;BSKY-01786;BSKY-01813;BSKY-01844;BSKY-01899;BSKY-01953;BSKY-01969;BSKY-01977;BSKY-01995;BSKY-01997;BSKY-02027;BSKY-02070;BSKY-02071;BSKY-02082;BSKY-02102;BSKY-02103;BSKY-02109;BSKY-02375;BSKY-02389;BSKY-02470;BSKY-02545;BSKY-02548;BSKY-02580;BSKY-02583;BSKY-02636;BSKY-02657;BSKY-02663;BSKY-02678;BSKY-02679;BSKY-02720;BSKY-03074"
"at://did:plc:3t37x6vfigdzzp2gjcfnzlz4/app.bsky.feed.post/3msvijcngek2b","https://bsky.app/profile/jayrosen.bsky.social/post/3msvijcngek2b","2026-08-12T15:55:41.170Z","reply","self_thread_reply","admit","citizens_agenda_analysis","0.9","false","true","false",""
"at://did:plc:3t37x6vfigdzzp2gjcfnzlz4/app.bsky.feed.post/3msvimljltc2b","https://bsky.app/profile/jayrosen.bsky.social/post/3msvimljltc2b","2026-08-12T15:57:31.146Z","reply","self_thread_reply","context_only","citizens_agenda_context_only","0.93","false","true","false",""
"at://did:plc:3t37x6vfigdzzp2gjcfnzlz4/app.bsky.feed.post/3msvjj7ahac2b","https://bsky.app/profile/jayrosen.bsky.social/post/3msvjj7ahac2b","2026-08-12T16:13:31.341Z","reply","self_thread_reply","admit","citizens_agenda_argument_evidence_or_analysis","0.9","false","true","false",""
"at://did:plc:3t37x6vfigdzzp2gjcfnzlz4/app.bsky.feed.post/3msvlrnz4522b","https://bsky.app/profile/jayrosen.bsky.social/post/3msvlrnz4522b","2026-08-12T16:54:02.749Z","reply","self_thread_reply","admit","citizens_agenda_argument_evidence_or_analysis","0.9","false","true","false",""
"at://did:plc:3t37x6vfigdzzp2gjcfnzlz4/app.bsky.feed.post/3mswaytxpgc27","https://bsky.app/profile/jayrosen.bsky.social/post/3mswaytxpgc27","2026-08-12T23:13:52.452Z","reply","external_thread_reply","admit","citizens_agenda_argument_evidence_or_analysis","0.9","false","true","false",""
"at://did:plc:3t37x6vfigdzzp2gjcfnzlz4/app.bsky.feed.post/3mswkvs4f222i","https://bsky.app/profile/jayrosen.bsky.social/post/3mswkvs4f222i","2026-08-13T02:11:07.263Z","reply","external_thread_reply","context_only","short_acknowledgement_or_context_dependent_reply","0.93","false","false","false",""
"at://did:plc:3t37x6vfigdzzp2gjcfnzlz4/app.bsky.feed.post/3msxtuq2o5s22","https://bsky.app/profile/jayrosen.bsky.social/post/3msxtuq2o5s22","2026-08-13T14:24:14.970Z","original","root","admit","original_adds_argument_evidence_or_serious_question","0.9","false","false","false",""
"at://did:plc:3t37x6vfigdzzp2gjcfnzlz4/app.bsky.feed.post/3msxwlzgwxk25","https://bsky.app/profile/jayrosen.bsky.social/post/3msxwlzgwxk25","2026-08-13T15:13:04.043Z","quote","root","admit","quote_adds_substantive_commentary","0.9","false","false","false",""
"at://did:plc:3t37x6vfigdzzp2gjcfnzlz4/app.bsky.feed.post/3msxwtf4rtc27","https://bsky.app/profile/jayrosen.bsky.social/post/3msxwtf4rtc27","2026-08-13T15:17:11.177Z","reply","self_thread_reply","context_only","short_acknowledgement_or_context_dependent_reply","0.93","false","false","false",""
"at://did:plc:3t37x6vfigdzzp2gjcfnzlz4/app.bsky.feed.post/3msxxdkfbjc2k","https://bsky.app/profile/jayrosen.bsky.social/post/3msxxdkfbjc2k","2026-08-13T15:26:13.569Z","reply","self_thread_reply","context_only","short_acknowledgement_or_context_dependent_reply","0.93","false","false","false",""
"at://did:plc:3t37x6vfigdzzp2gjcfnzlz4/app.bsky.feed.post/3msy4re5axk24","https://bsky.app/profile/jayrosen.bsky.social/post/3msy4re5axk24","2026-08-13T17:03:25.486Z","reply","self_thread_reply","admit","substantive_reply_adds_analysis","0.9","false","false","false",""
"at://did:plc:3t37x6vfigdzzp2gjcfnzlz4/app.bsky.feed.post/3msyepxchcc2b","https://bsky.app/profile/jayrosen.bsky.social/post/3msyepxchcc2b","2026-08-13T19:25:48.405Z","reply","self_thread_reply","admit","substantive_reply_adds_argument_evidence_or_analysis","0.9","false","false","false",""
"at://did:plc:3t37x6vfigdzzp2gjcfnzlz4/app.bsky.feed.post/3msygprgtqc2a","https://bsky.app/profile/jayrosen.bsky.social/post/3msygprgtqc2a","2026-08-13T20:01:29.741Z","reply","self_thread_reply","context_only","short_acknowledgement_or_context_dependent_reply","0.93","false","false","true","BSKY-01034;BSKY-01618"
"at://did:plc:3t37x6vfigdzzp2gjcfnzlz4/app.bsky.feed.post/3mszbeoelp22r","https://bsky.app/profile/jayrosen.bsky.social/post/3mszbeoelp22r","2026-08-14T03:58:28.452Z","reply","self_thread_reply","context_only","short_acknowledgement_or_context_dependent_reply","0.93","false","false","false",""
"at://did:plc:3t37x6vfigdzzp2gjcfnzlz4/app.bsky.feed.post/3mt2gw43irs2h","https://bsky.app/profile/jayrosen.bsky.social/post/3mt2gw43irs2h","2026-08-14T15:10:21.707Z","reply","self_thread_reply","context_only","short_acknowledgement_or_context_dependent_reply","0.93","false","false","false",""
"at://did:plc:3t37x6vfigdzzp2gjcfnzlz4/app.bsky.feed.post/3mt2ioex5qk26","https://bsky.app/profile/jayrosen.bsky.social/post/3mt2ioex5qk26","2026-08-14T15:41:50.050Z","reply","external_thread_reply","admit","substantive_reply_adds_argument_evidence_or_analysis","0.9","false","false","false",""
"at://did:plc:3t37x6vfigdzzp2gjcfnzlz4/app.bsky.feed.post/3mt2jzp5y622i","https://bsky.app/profile/jayrosen.bsky.social/post/3mt2jzp5y622i","2026-08-14T16:06:03.601Z","original","root","admit","original_adds_argument_evidence_or_serious_question","0.9","false","false","false",""
"at://did:plc:3t37x6vfigdzzp2gjcfnzlz4/app.bsky.feed.post/3mt2mi7jej22l","https://bsky.app/profile/jayrosen.bsky.social/post/3mt2mi7jej22l","2026-08-14T16:49:57.995Z","original","root","admit","citizens_agenda_argument_evidence_or_analysis","0.9","false","true","false",""
"at://did:plc:3t37x6vfigdzzp2gjcfnzlz4/app.bsky.feed.post/3mt2zylvybs2y","https://bsky.app/profile/jayrosen.bsky.social/post/3mt2zylvybs2y","2026-08-14T20:51:46.506Z","reply","self_thread_reply","admit","citizens_agenda_argument_evidence_or_analysis","0.9","false","true","false",""
"at://did:plc:3t37x6vfigdzzp2gjcfnzlz4/app.bsky.feed.post/3mt32kfe7mc2h","https://bsky.app/profile/jayrosen.bsky.social/post/3mt32kfe7mc2h","2026-08-14T21:01:43.613Z","reply","external_thread_reply","admit","substantive_reply_adds_argument_evidence_or_analysis","0.9","false","false","false",""
"at://did:plc:3t37x6vfigdzzp2gjcfnzlz4/app.bsky.feed.post/3mt33nkk7yk2p","https://bsky.app/profile/jayrosen.bsky.social/post/3mt33nkk7yk2p","2026-08-14T21:21:23.458Z","quote","root","context_only","joe_tag_routing_only","0.93","true","false","false",""
"at://did:plc:3t37x6vfigdzzp2gjcfnzlz4/app.bsky.feed.post/3mt3cqvdax22y","https://bsky.app/profile/jayrosen.bsky.social/post/3mt3cqvdax22y","2026-08-14T23:28:31.617Z","reply","self_thread_reply","admit","citizens_agenda_argument_evidence_or_analysis","0.9","false","true","false",""
"at://did:plc:3t37x6vfigdzzp2gjcfnzlz4/app.bsky.feed.post/3mt3dfhmwj22a","https://bsky.app/profile/jayrosen.bsky.social/post/3mt3dfhmwj22a","2026-08-14T23:40:01.900Z","reply","self_thread_reply","admit","citizens_agenda_argument_evidence_or_analysis","0.9","false","true","false",""
"at://did:plc:3t37x6vfigdzzp2gjcfnzlz4/app.bsky.feed.post/3mt3kjnfo522l","https://bsky.app/profile/jayrosen.bsky.social/post/3mt3kjnfo522l","2026-08-15T01:47:38.357Z","reply","self_thread_reply","admit","citizens_agenda_argument_evidence_or_analysis","0.9","false","true","false",""
"at://did:plc:3t37x6vfigdzzp2gjcfnzlz4/app.bsky.feed.post/3mt3kvlg3rk2x","https://bsky.app/profile/jayrosen.bsky.social/post/3mt3kvlg3rk2x","2026-08-15T01:54:18.934Z","reply","self_thread_reply","context_only","citizens_agenda_context_only","0.93","false","true","false",""
"at://did:plc:3t37x6vfigdzzp2gjcfnzlz4/app.bsky.feed.post/3mt3lcvqpas2e","https://bsky.app/profile/jayrosen.bsky.social/post/3mt3lcvqpas2e","2026-08-15T02:01:45.975Z","reply","self_thread_reply","admit","citizens_agenda_argument_evidence_or_analysis","0.9","false","true","false",""
"at://did:plc:3t37x6vfigdzzp2gjcfnzlz4/app.bsky.feed.post/3mt3lmhuzoc2a","https://bsky.app/profile/jayrosen.bsky.social/post/3mt3lmhuzoc2a","2026-08-15T02:07:06.981Z","reply","self_thread_reply","admit","citizens_agenda_experiential_claim","0.9","false","true","false",""
"at://did:plc:3t37x6vfigdzzp2gjcfnzlz4/app.bsky.feed.post/3mt3rzgqfas2w","https://bsky.app/profile/jayrosen.bsky.social/post/3mt3rzgqfas2w","2026-08-15T04:01:44.438Z","reply","self_thread_reply","admit","citizens_agenda_argument_evidence_or_analysis","0.9","false","true","false",""
"at://did:plc:3t37x6vfigdzzp2gjcfnzlz4/app.bsky.feed.post/3mt4y4kmmak2p","https://bsky.app/profile/jayrosen.bsky.social/post/3mt4y4kmmak2p","2026-08-15T15:23:31.362Z","reply","external_thread_reply","admit","citizens_agenda_argument_evidence_or_analysis","0.9","false","true","false",""
"at://did:plc:3t37x6vfigdzzp2gjcfnzlz4/app.bsky.feed.post/3mt5622czqc2p","https://bsky.app/profile/jayrosen.bsky.social/post/3mt5622czqc2p","2026-08-15T17:09:29.613Z","quote","root","context_only","citizens_agenda_context_only","0.93","false","true","false",""
