id,title,url,assigned_categories,status
RECORD-00067,Getting the Connections Right: Public Journalism and the Troubles in the Press (Perspectives on the News),https://www.amazon.com/Getting-Connections-Right-Journalism-Perspectives/dp/0870783858,Audience & Public Engagement; Press & Media Criticism,Categorized
RECORD-00637,The Digital Divide: Exploring the Gap in Internet Access and Adoption,https://publicnotebook.wordpress.com/2010/12/04/julian-assange-ducks-the-question-a-lot-of-us/,Technology & Digital Media,Categorized
TUMBLR-00001,Tracking the success of My Water's on Fire Tonight,https://tmblr.co/ZCJQUy9ug2dE,Technology & Digital Media,Categorized
TUMBLR-00002,Studio 20,https://tmblr.co/ZCJQUy9uleNy,Journalism Education,Categorized
TUMBLR-00003,ExplainerNet,https://tmblr.co/ZCJQUy9upGcZ,,Needs Review
TUMBLR-00004,Studio 20,https://tmblr.co/ZCJQUy9upkNv,Journalism Education,Categorized
TUMBLR-00005,Studio 20,https://tmblr.co/ZCJQUy9urvwH,Journalism Education,Categorized
TUMBLR-00006,"Photos from ""Building A Better Explainer"" Presentation",https://tmblr.co/ZCJQUy9wi4k9,,Needs Review
TUMBLR-00007,The Local East Village to Launch September 13,https://tmblr.co/ZCJQUy10m_47,Journalism Education; Technology & Digital Media,Categorized
TUMBLR-00008,Jay Rosen's Advice to the Next Generation of Journalists,https://tmblr.co/ZCJQUy114teW,Press & Media Criticism,Categorized
TUMBLR-00009,Studio 20,https://tmblr.co/ZCJQUy11VVoH,Journalism Education,Categorized
TUMBLR-00010,Studio 20 Speakers Series,https://tmblr.co/ZCJQUyAWfZbJ,Press & Media Criticism,Categorized
TUMBLR-00011,Class of 2011 - Studio III Projects and Summer Gigs,https://tmblr.co/ZCJQUyAYiTqx,Journalism Education; Technology & Digital Media; Audience & Public Engagement,Categorized
TUMBLR-00012,Studio 20 Profiled as a Unique Approach to Journalism Education,https://tmblr.co/ZCJQUy14j4hk,Journalism Education; Technology & Digital Media,Categorized
TUMBLR-00013,Studio 20 Summer: Focus on Lesley Messer,https://tmblr.co/ZCJQUy15dyMy,,Needs Review
TUMBLR-00014,Studio 20 at the Arthur L. Carter Journalism Institute,https://tmblr.co/ZCJQUyAwdymk,Journalism Education; Technology & Digital Media,Categorized
TUMBLR-00015,Studio 20 students are Designing Conversational Spaces at ITP,https://tmblr.co/ZCJQUyAwl1AN,Technology & Digital Media,Categorized
TUMBLR-00016,The Redistricting Remix,https://tmblr.co/ZCJQUyBVYTrk,,Needs Review
TUMBLR-00017,Studio 20,https://tmblr.co/ZCJQUy1Au0cf,Journalism Education,Categorized
TUMBLR-00018,Studio 20 Profile: Focus on James Matthews,https://tmblr.co/ZCJQUy1DsomA,,Needs Review
TUMBLR-00019,Introducing... Zoe Fraade-Blanar,https://tmblr.co/ZCJQUyCVlZZq,Journalism Education,Categorized
TUMBLR-00020,The Studio 20 @ NYU Explainer,https://tmblr.co/ZCJQUyCi4YTA,Journalism Education,Categorized
TUMBLR-00021,Studio 20,https://tmblr.co/ZCJQUyCw4r1o,Journalism Education,Categorized
TUMBLR-00022,Open Studio: An Open Invitation,https://tmblr.co/ZCJQUyCxXc-M,Journalism Education; Technology & Digital Media,Categorized
TUMBLR-00023,Studio 20 Will Collaborate With The Guardian on How to Improve Election Coverage,https://tmblr.co/ZCJQUyDIsJfc,Journalism Education; Technology & Digital Media; Audience & Public Engagement; Press & Media Criticism; Politics & Democracy,Categorized
TUMBLR-00024,Studio 20,https://tmblr.co/ZCJQUyE6An_m,Journalism Education,Categorized
TUMBLR-00025,Studio 20 Liveblogs the NYC Marathon,https://tmblr.co/ZCJQUy1QWMt1,Technology & Digital Media,Categorized
TUMBLR-00026,Studio 20's Niel Bekker Publishes Post about Disruptive Storytelling,https://tmblr.co/ZCJQUy1R0I6Z,,Needs Review
TUMBLR-00027,Studio 20 Students Push a Variety of Envelopes with Media Partners,https://tmblr.co/ZCJQUy1Z4C06,Technology & Digital Media; Audience & Public Engagement,Categorized
TUMBLR-00028,Studio 20 Grads Settle into their New Jobs!,https://tmblr.co/ZCJQUyFqIJTj,Technology & Digital Media,Categorized
TUMBLR-00029,(More) Studio 20 Grads Settle into their New Jobs!,https://tmblr.co/ZCJQUyGoksuI,Technology & Digital Media; Press & Media Criticism,Categorized
TUMBLR-00030,The Citizens’ Agenda Round 1: #unasked Questions in GOP Debates,https://tmblr.co/ZCJQUyHB1AUo,Audience & Public Engagement; Politics & Democracy,Categorized
TUMBLR-00031,"Professor Samuels at SXSW: Black in America/Silicon Valley, the Aftermath",https://tmblr.co/ZCJQUyI4CAP4,Technology & Digital Media,Categorized
TUMBLR-00032,The Man Behind the News Songs,https://tmblr.co/ZCJQUyIO3Yx4,Journalism Education,Categorized
TUMBLR-00033,Studio 20 Collaborates with ProPublica to Build a Better Explainer,https://tmblr.co/ZCJQUy1wsFuZ,Journalism Education,Categorized
TUMBLR-00034,First Year Studio 20-er Anjali Mullany Makes Moves,https://tmblr.co/ZCJQUyJO5cGZ,Technology & Digital Media,Categorized
TUMBLR-00035,Maybe your site should be home to a Studio 20 project,https://tmblr.co/ZCJQUyJTrUWO,Journalism Education,Categorized
TUMBLR-00036,Studio 20,https://tmblr.co/ZCJQUy1-9d6B,Journalism Education,Categorized
TUMBLR-00037,How to Apply,https://tmblr.co/ZCJQUyDMhkv,Technology & Digital Media,Categorized
TUMBLR-00038,Studio 20,https://tmblr.co/ZCJQUyDMoNG,Journalism Education,Categorized
TUMBLR-00039,Professor Jay Rosen on BlogTalkRadio,https://tmblr.co/ZCJQUyDMwnP,,Needs Review
TUMBLR-00040,Listen to Rebooting the News,https://tmblr.co/ZCJQUyDMxT5,,Needs Review
TUMBLR-00041,Media and Music,https://tmblr.co/ZCJQUyDM-LA,,Needs Review
TUMBLR-00042,Studio 20,https://tmblr.co/ZCJQUyDN2kT,Journalism Education,Categorized
TUMBLR-00043,National Explainer: A Job for Journalists on the Demand Side of News,https://tmblr.co/ZCJQUyDN7d0,,Needs Review
TUMBLR-00044,Tweet This,https://tmblr.co/ZCJQUyDN9OG,Journalism Education,Categorized
TUMBLR-00045,Studio 20,https://tmblr.co/ZCJQUyDN9s7,Journalism Education,Categorized
TUMBLR-00046,"On Twitter, mindcasting is the new lifecasting",https://tmblr.co/ZCJQUyDNBID,,Needs Review
TUMBLR-00047,NPR Interviews Studio 20 Professor,https://tmblr.co/ZCJQUyDNDvc,,Needs Review
TUMBLR-00048,Studio 20,https://tmblr.co/ZCJQUyDVPS8,Journalism Education,Categorized
TUMBLR-00049,Studio 20,https://tmblr.co/ZCJQUyDWDwP,Journalism Education,Categorized
TUMBLR-00050,Studio 20,https://tmblr.co/ZCJQUyDWGy2,Journalism Education,Categorized
TUMBLR-00051,Studio 20 Professor discusses producing TV News,https://tmblr.co/ZCJQUyDgR3x,,Needs Review
TUMBLR-00052,Studio 20,https://tmblr.co/ZCJQUyDleuJ,Journalism Education,Categorized
TUMBLR-00053,Studio 20,https://tmblr.co/ZCJQUyDmy5F,Journalism Education,Categorized
TUMBLR-00054,Studio 20,https://tmblr.co/ZCJQUyDn3D2,Journalism Education,Categorized
TUMBLR-00055,Studio 20,https://tmblr.co/ZCJQUyDnLJ0,Journalism Education,Categorized
TUMBLR-00056,Studio 20,https://tmblr.co/ZCJQUyDxNSa,Journalism Education,Categorized
TUMBLR-00057,"Q&A: Prof. Jay Rosen on NYU ""Studio 20"" Course",https://tmblr.co/ZCJQUyDxR6r,Journalism Education; Technology & Digital Media,Categorized
TUMBLR-00058,Rebooting the News System in the Age of Social Media,https://tmblr.co/ZCJQUyE24so,Technology & Digital Media; Audience & Public Engagement; Press & Media Criticism,Categorized
TUMBLR-00059,"Get with the times, Jay Rosen tells journos",https://tmblr.co/ZCJQUyEGH-x,Technology & Digital Media; Audience & Public Engagement,Categorized
TUMBLR-00060,Studio 20,https://tmblr.co/ZCJQUyEGSg1,Journalism Education,Categorized
TUMBLR-00061,Mark your calendar for Nov. 15,https://tmblr.co/ZCJQUyEHm-v,,Needs Review
TUMBLR-00062,Sources of subsidy in the production of news: a list,https://tmblr.co/ZCJQUyEsFnE,Press & Media Criticism,Categorized
TUMBLR-00063,Studio 20,https://tmblr.co/ZCJQUyEzqxy,Journalism Education,Categorized
TUMBLR-00064,You can still apply...,https://tmblr.co/ZCJQUyFj9Ov,,Needs Review
TUMBLR-00065,Studio 20,https://tmblr.co/ZCJQUyFuXf8,Journalism Education,Categorized
TUMBLR-00066,What Are Journalism Schools For?,https://tmblr.co/ZCJQUyFucPz,Journalism Education,Categorized
TUMBLR-00067,Studio 20,https://tmblr.co/ZCJQUyF_3UT,Journalism Education,Categorized
TUMBLR-00068,Jay Rosen and Clay Shirky on new media,https://tmblr.co/ZCJQUyG1K6k,Journalism Education,Categorized
TUMBLR-00069,Mediabistro on Rosen and Shirky,https://tmblr.co/ZCJQUyG3DSO,Journalism Education; Technology & Digital Media; Audience & Public Engagement; Press & Media Criticism,Categorized
TUMBLR-00070,Studio 20,https://tmblr.co/ZCJQUyG4cqf,Journalism Education,Categorized
TUMBLR-00071,David Holmes explains it all -- in song,https://tmblr.co/ZCJQUyQ1WnhJ,Technology & Digital Media,Categorized
TUMBLR-00072,Studio 20,https://tmblr.co/ZCJQUyGuMqf,Journalism Education,Categorized
TUMBLR-00073,This Year's Studio 20 Summer Gigs,https://tmblr.co/ZCJQUyQP4epJ,Journalism Education; Technology & Digital Media; Audience & Public Engagement,Categorized
TUMBLR-00074,Studio 20,https://tmblr.co/ZCJQUyHSm8-,Journalism Education,Categorized
TUMBLR-00075,Studio 20,https://tmblr.co/ZCJQUyHV8Cl,Journalism Education,Categorized
TUMBLR-00076,Studio 20,https://tmblr.co/ZCJQUyHe6yS,Journalism Education,Categorized
TUMBLR-00077,"Rosen: ""Journalism"" and ""the media"" are not synonymous",https://tmblr.co/ZCJQUyHkKxe,,Needs Review
TUMBLR-00078,Studio 20 Professor Named Executive Producer of State of the Union live coverage,https://tmblr.co/ZCJQUyIGwU9,Politics & Democracy,Categorized
TUMBLR-00079,Studio 20 prof brings us 'Obama Revealed',https://tmblr.co/ZCJQUyShr8jh,Politics & Democracy,Categorized
TUMBLR-00080,Studio 20,https://tmblr.co/ZCJQUyI-ml8,Journalism Education,Categorized
TUMBLR-00081,Kevin Convey brings innovation from the newsroom to the classroom,https://tmblr.co/ZCJQUyToZmhS,Journalism Education; Technology & Digital Media; Press & Media Criticism,Categorized
TUMBLR-00082,Studio 20,https://tmblr.co/ZCJQUyURKQR1,Journalism Education,Categorized
TUMBLR-00083,Studio 20,https://tmblr.co/ZCJQUyJXZYC,Journalism Education,Categorized
TUMBLR-00084,Final projects for Studio 20 students: they're all about incremental innovation. All have media partners.,https://tmblr.co/ZCJQUyUhMBam,Technology & Digital Media; Audience & Public Engagement; Politics & Democracy,Categorized
TUMBLR-00085,Studio 20,https://tmblr.co/ZCJQUyJzxSH,Journalism Education,Categorized
TUMBLR-00086,Lewis Dvorkin fields some good questions from Studio 20,https://tmblr.co/ZCJQUyVi2VTh,Technology & Digital Media,Categorized
TUMBLR-00087,Reactions to Dave Winer's Announcement,https://tmblr.co/ZCJQUyKg-dD,Journalism Education,Categorized
TUMBLR-00088,Studio 20,https://tmblr.co/ZCJQUyKjOrw,Journalism Education,Categorized
TUMBLR-00089,Studio 20,https://tmblr.co/ZCJQUyKjol2,Journalism Education,Categorized
TUMBLR-00090,Studio 20,https://tmblr.co/ZCJQUyL9Fl6,Journalism Education,Categorized
TUMBLR-00091,Studio 20,https://tmblr.co/ZCJQUyLo3j_,Journalism Education,Categorized
TUMBLR-00092,Studio 20,https://tmblr.co/ZCJQUyL_B4y,Journalism Education,Categorized
TUMBLR-00093,Studio 20,https://tmblr.co/ZCJQUyL_fkx,Journalism Education,Categorized
TUMBLR-00094,Open Studio Night: An Invitation.,https://tmblr.co/ZCJQUyYVwnIL,Journalism Education; Technology & Digital Media; Audience & Public Engagement,Categorized
TUMBLR-00095,Studio 20,https://tmblr.co/ZCJQUyM7WxE,Journalism Education,Categorized
TUMBLR-00096,Studio 20,https://tmblr.co/ZCJQUyMZ0qt,Journalism Education,Categorized
TUMBLR-00097,Studio 20,https://tmblr.co/ZCJQUyMbLJN,Journalism Education,Categorized
TUMBLR-00098,Studio 20,https://tmblr.co/ZCJQUyZKApP2,Journalism Education,Categorized
TUMBLR-00099,Studio 20,https://tmblr.co/ZCJQUyN5USM,Journalism Education,Categorized
TUMBLR-00100,What's going on in NY?,https://tmblr.co/ZCJQUyN7pCD,Journalism Education; Technology & Digital Media,Categorized
TUMBLR-00101,Studio 20 helps NYDailyNews.com with social media,https://tmblr.co/ZCJQUyO9dng,Technology & Digital Media,Categorized
TUMBLR-00102,Studio 20,https://tmblr.co/ZCJQUyOAEQa,Journalism Education,Categorized
TUMBLR-00103,Studio 20 collaborating with NYTimes.com on 'Local' East Village site,https://tmblr.co/ZCJQUyOAY25,,Needs Review
TUMBLR-00104,"Studio 20/NYTimes.com collaboration also includes NYU's business school, computer science department",https://tmblr.co/ZCJQUyOAn6n,Journalism Education; Technology & Digital Media,Categorized
TUMBLR-00105,"Explaining The Local: East Village, NYU's Collaboration with the New York Times",https://tmblr.co/ZCJQUyOHL7t,Journalism Education; Technology & Digital Media; Audience & Public Engagement,Categorized
TUMBLR-00106,Studio 20,https://tmblr.co/ZCJQUyOXMP5,Journalism Education,Categorized
TUMBLR-00107,Studio 20,https://tmblr.co/ZCJQUyOYrR1,Journalism Education,Categorized
TUMBLR-00108,Studio 20 professor quoted on ABC's staff reductions,https://tmblr.co/ZCJQUyOerKl,,Needs Review
TUMBLR-00109,ExplainThis.org partners with podcast on The Nation,https://tmblr.co/ZCJQUyP1vaS,,Needs Review
TUMBLR-00110,Q&A on Studio 20's New York Times collaboration,https://tmblr.co/ZCJQUyPF2Zk,Journalism Education,Categorized
TUMBLR-00111,Studio 20,https://tmblr.co/ZCJQUyPQuSQ,Journalism Education,Categorized
TUMBLR-00112,Studio 20,https://tmblr.co/ZCJQUyPY7Z7,Journalism Education,Categorized
TUMBLR-00113,Studio 20's James Matthews to intern in Brazil,https://tmblr.co/ZCJQUyQB2f6,Journalism Education,Categorized
TUMBLR-00114,Studio 20,https://tmblr.co/ZCJQUyQJAM4,Journalism Education,Categorized
TUMBLR-00115,Studio 20,https://tmblr.co/ZCJQUyQWRN5,Journalism Education,Categorized
TUMBLR-00116,Studio 20,https://tmblr.co/ZCJQUyQa-OT,Journalism Education,Categorized
TUMBLR-00117,Studio 20 professor wins two awards,https://tmblr.co/ZCJQUyROCeD,,Needs Review
TUMBLR-00118,Catch Studio 20 professor's latest work,https://tmblr.co/ZCJQUyRWN_S,,Needs Review
TUMBLR-00119,Studio 20 Director discusses the Future of Context,https://tmblr.co/ZCJQUyS9_70,,Needs Review
TUMBLR-00120,Studio 20 gets an assignment from Quartz News,https://tmblr.co/ZCJQUykusWfa,Technology & Digital Media,Categorized
TUMBLR-00121,Studio 20's Networked Reporting Project,https://tmblr.co/ZCJQUykvAgeB,Technology & Digital Media,Categorized
TUMBLR-00122,Studio 20,https://tmblr.co/ZCJQUyVC6-x,Journalism Education,Categorized
TUMBLR-00123,Studio 20,https://tmblr.co/ZCJQUyVLX-U,Journalism Education,Categorized
TUMBLR-00124,Studio 20 Director at 140 Characters,https://tmblr.co/ZCJQUyWrD2A,,Needs Review
TUMBLR-00125,Studio 20,https://tmblr.co/ZCJQUyWre66,Journalism Education,Categorized
TUMBLR-00126,Studio 20 Professor wins another NAMIC Vision Award,https://tmblr.co/ZCJQUyW-LXL,Technology & Digital Media,Categorized
TUMBLR-00127,Studio 20,https://tmblr.co/ZCJQUyXIWoY,Journalism Education,Categorized
TUMBLR-00128,Studio 20,https://tmblr.co/ZCJQUyXJRSU,Journalism Education,Categorized
TUMBLR-00129,Studio 20,https://tmblr.co/ZCJQUyZ6DAG,Journalism Education,Categorized
TUMBLR-00130,Studio 20,https://tmblr.co/ZCJQUyZ9MKg,Journalism Education,Categorized
TUMBLR-00131,Studio 20,https://tmblr.co/ZCJQUywcD9ho,Journalism Education,Categorized
TUMBLR-00132,"Open Studio night: Dec. 12, 6 to 8 pm at NYU. Would you like to come?",https://tmblr.co/ZCJQUy_KG8YG,Journalism Education; Technology & Digital Media,Categorized
TUMBLR-00133,Studio 20,https://tmblr.co/ZCJQUy104FLlo,Journalism Education,Categorized
TUMBLR-00134,Studio 20 named as a great example of a successful news org-university partnership,https://tmblr.co/ZCJQUyh23VP,Journalism Education,Categorized
TUMBLR-00135,Studio 20 professor joins CNN as lead producer,https://tmblr.co/ZCJQUyjAJSw,,Needs Review
TUMBLR-00136,Studio 20 Student Analyzes LeBron Reaction Via Twitter,https://tmblr.co/ZCJQUytBg8g,Technology & Digital Media,Categorized
TUMBLR-00137,Studio 20 Student Scores Fellowship to Work for New York Observer; Will Donate Equipment to Program,https://tmblr.co/ZCJQUytChBa,Journalism Education,Categorized
TUMBLR-00138,"Open Studio Night, 2013: where our students present their final projects",https://tmblr.co/ZCJQUy1Om-Dri,Technology & Digital Media; Audience & Public Engagement,Categorized
CLIP-00001,Journalists: Public denied full coverage,https://www.newspapers.com/image/442484302/,,Needs Review
CLIP-00002,"Newspapers need to give citizens a voice, critics say",https://www.newspapers.com/image/145202145/,Audience & Public Engagement,Categorized
CLIP-00003,Democrats face tough presidential fight,https://www.newspapers.com/image/1002776299/,,Needs Review
CLIP-00004,NEGATIVE NEWS misses the point,https://www.newspapers.com/image/485469473/,,Needs Review
CLIP-00005,Re-examining Reporting,https://www.newspapers.com/image/1219950157/,,Needs Review
CLIP-00006,SOLUTIONS,https://www.newspapers.com/image/836254505/,,Needs Review
CLIP-00007,'Anonymous' McCain story backfires on Times,https://www.newspapers.com/image/1244703251/,,Needs Review
CLIP-00008,Journalists tackle political puzzle for 2024,https://www.newspapers.com/image/1254405332/,Politics & Democracy,Categorized
CLIP-00009,Slain journalist to be remembered,https://www.newspapers.com/image/834912620/,,Needs Review
CLIP-00010,Reaching out to the suburbs,https://www.newspapers.com/image/254708290/,,Needs Review
CLIP-00011,Democrats hurt by inability to adapt to growing suburban vote,https://www.newspapers.com/image/766788399/,,Needs Review
CLIP-00012,Who should the newspaper be published for?,https://www.newspapers.com/image/1125898881/,,Needs Review
CLIP-00013,Beyond 2000 opens gateway to the '90s,https://www.newspapers.com/image/857826260/,,Needs Review
CLIP-00014,Book example of how media miss real issues,https://www.newspapers.com/image/297575420/,,Needs Review
CLIP-00015,The odd couple of politics,https://www.newspapers.com/image/297575420/,,Needs Review
CLIP-00016,"""Public journalism"" - just another way of doing what we've always done",https://www.newspapers.com/image/944877319/,,Needs Review
CLIP-00017,"""Public journalism"" - just another way of doing what we've always done",https://www.newspapers.com/image/944877319/,Audience & Public Engagement,Categorized
CLIP-00018,Father Ritter's Fall From Grace:,https://www.newspapers.com/image/705827538/,,Needs Review
CLIP-00019,"Leaks Hard To Find, Experts Say",https://www.newspapers.com/image/709291829/,,Needs Review
CLIP-00020,Citizen journalism carries unique pitfalls,https://www.newspapers.com/image/1249430134/,,Needs Review
CLIP-00021,Web site arranges funding for freelancers,https://www.newspapers.com/image/1247609095/,,Needs Review
CLIP-00022,Gee! Seinfeld's on a magazine cover,https://www.newspapers.com/image/1251468150/,,Needs Review
CLIP-00023,Program About Chief Illiniwek To Air,https://www.newspapers.com/image/906184514/,,Needs Review
CLIP-00024,MEDIA from A21 Skepticism is considered a key quality of journalism,https://www.newspapers.com/image/193787073/,,Needs Review
CLIP-00025,Talking heads,https://www.newspapers.com/image/195261742/,,Needs Review
CLIP-00026,'Choice' pays too little attention to issues,https://www.newspapers.com/image/1100564970/,,Needs Review
CLIP-00027,A reluctant editor takes the plunge into participation,https://www.newspapers.com/image/248730092/,,Needs Review
CLIP-00028,"Journalism professor barks at press, but the culprit escapes",https://www.newspapers.com/image/123233838/,,Needs Review
CLIP-00029,"Revenge of the D.C. nerd, but is it sweet for Scott McClellan?",https://www.newspapers.com/image/1242059719/,,Needs Review
CLIP-00030,Inside again: The choice was ... theirs,https://www.newspapers.com/image/441017835/,Audience & Public Engagement; Politics & Democracy,Categorized
CLIP-00031,Public backs paper's handling of Ore. shootings,https://www.newspapers.com/image/441969852/,,Needs Review
CLIP-00032,Good news,https://www.newspapers.com/image/441927900/,,Needs Review
CLIP-00033,Good news,https://www.newspapers.com/image/441927900/,,Needs Review
CLIP-00034,'Public journalism' gets an ethical going-over,https://www.newspapers.com/image/318356402/,Audience & Public Engagement,Categorized
CLIP-00035,"Publishers, editors told future lies in 'public journalism'",https://www.newspapers.com/image/1032867143/,Audience & Public Engagement,Categorized
CLIP-00036,"Brutal, reassuring and unvarnished",https://www.newspapers.com/image/1049755607/,,Needs Review
CLIP-00037,Journalism,https://www.newspapers.com/image/971702031/,,Needs Review
CLIP-00038,President meets the press,https://www.newspapers.com/image/1107218285/,,Needs Review
CLIP-00039,Media advocacy to push causes steps over line,https://www.newspapers.com/image/707008954/,,Needs Review
CLIP-00040,Defining journalists - and their rights,https://www.newspapers.com/image/1248301573/,,Needs Review
CLIP-00041,Misinterpreting Williams' misremembering,https://www.newspapers.com/image/1247062202/,,Needs Review
CLIP-00042,The moral confusion of the media,https://www.newspapers.com/image/106424943/,,Needs Review
CLIP-00043,What is R/UDAT? And what am I doing with it?,https://www.newspapers.com/image/843980584/,,Needs Review
CLIP-00044,A newspaper can be a catalyst for community dialogue,https://www.newspapers.com/image/641832828/,,Needs Review
CLIP-00045,Newspaper 'public journalism' effort to revitalize public life triggers debate,https://www.newspapers.com/image/276781398/,,Needs Review
CLIP-00046,What three papers did,https://www.newspapers.com/image/276781398/,,Needs Review
CLIP-00047,Power to the people as media sanctum invaded by web,https://www.newspapers.com/image/258292432/,Technology & Digital Media,Categorized
CLIP-00048,Why lambs can't lie down with lions,https://www.newspapers.com/image/258299148/,,Needs Review
CLIP-00049,Journalists urged to try reaching out,https://www.newspapers.com/image/805514403/,Audience & Public Engagement,Categorized
CLIP-00050,College students look at local news coverage and see a lot of bias,https://www.newspapers.com/image/234501782/,Press & Media Criticism,Categorized
CLIP-00051,Volusia today,https://www.newspapers.com/image/234529302/,,Needs Review
CLIP-00052,Work in progress: Can public journalism save a troubled profession?,https://www.newspapers.com/image/465242110/,,Needs Review
CLIP-00053,Extreme Makeover: 'Lipstick on a pig',https://www.newspapers.com/image/1249048160/,,Needs Review
CLIP-00054,"Finding source of leak is doubtful, analysts say",https://www.newspapers.com/image/583757305/,,Needs Review
CLIP-00055,"Newspapers must reconnect citizens with issues, execs told",https://www.newspapers.com/image/574360470/,,Needs Review
CLIP-00056,Work together for city's future,https://www.newspapers.com/image/575229167/,,Needs Review
CLIP-00057,History not on side of probe into leak,https://www.newspapers.com/image/754141483/,,Needs Review
CLIP-00058,Panelists deem Gulf war media coverage inadequate,https://www.newspapers.com/image/886486152/,,Needs Review
CLIP-00059,Mixed message,https://www.newspapers.com/image/494967902/,,Needs Review
CLIP-00060,What role do you play as citizen?,https://www.newspapers.com/image/697507037/,,Needs Review
CLIP-00061,Public Journalism A movement toward a basic cultural change,https://www.newspapers.com/image/697507037/,,Needs Review
CLIP-00062,Elite Press Reporting On Elite Government,https://www.newspapers.com/image/833945112/,Press & Media Criticism,Categorized
